"1000319 0"	"01"
"1001346 1"	"11"
"1001625 1"	"11"
"1001662 0"	"01"
"1001702 0"	"01"
"1001881 0"	"01"
"100202 0"	"01"
"1002076 1"	"11"
"1002143 0"	"01"
"1003016 0"	"01"
"1003087 0"	"00"
"1003146 0"	"00"
"1003415 0"	"00"
"1003991 0"	"00"
"1004066 0"	"00"
"1004166 0"	"00"
"1004376 0"	"00"
"1004733 0"	"00"
"1005681 0"	"00"
"1006029 0"	"00"
"1006068 0"	"00"
"1006354 0"	"00"
"1006427 0"	"00"
"1006493 0"	"00"
"1007354 0"	"00"
"100775 0"	"00"
"1009088 0"	"00"
"1009426 0"	"00"
"1009544 0"	"00"
"1009615 0"	"00"
"1009792 0"	"00"
"1009888 0"	"00"
"1010058 0"	"00"
"1010387 0"	"00"
"1010403 0"	"00"
"1010784 0"	"00"
"1010817 0"	"00"
"1011590 0"	"00"
"1011668 0"	"00"
"1011774 0"	"00"
"1011977 0"	"00"
"1012017 0"	"00"
"1012443 0"	"00"
"1012948 0"	"00"
"1012949 0"	"00"
"1013234 0"	"00"
"1014281 0"	"00"
"1014290 0"	"00"
"1014381 0"	"00"
"1014738 0"	"00"
"1014761 0"	"00"
"1014993 10"	"00"
"1015107 0"	"00"
"1015138 0"	"00"
"1015505 0"	"00"
"1015714 0"	"00"
"1015764 0"	"00"
"1016184 0"	"00"
"1016954 0"	"00"
"1017352 0"	"00"
"1017357 10"	"00"
"1017435 0"	"00"
"1017641 0"	"00"
"1018347 0"	"00"
"1018393 0"	"00"
"1019196 0"	"00"
"1019457 0"	"00"
"1019503 0"	"00"
"1020440 0"	"00"
"1020631 0"	"00"
"1020793 0"	"00"
"1021139 0"	"00"
"1021148 0"	"00"
"1021390 0"	"00"
"1021798 0"	"00"
"1022052 0"	"00"
"1022219 0"	"00"
"1022464 0"	"00"
"1022611 0"	"00"
"1023466 0"	"00"
"102450 10"	"00"
"1025140 0"	"00"
"1025431 10"	"00"
"1025462 0"	"00"
"1025613 0"	"00"
"1026183 0"	"00"
"1026269 90"	"00"
"1026473 0"	"00"
"1026630 0"	"00"
"1026869 70"	"00"
"1027143 0"	"00"
"1028040 0"	"00"
"1028577 0"	"00"
"1028783 0"	"00"
"1029360 0"	"00"
"1029419 0"	"00"
"1030122 0"	"00"
"1030292 0"	"00"
"1030353 0"	"00"
"1030537 0"	"00"
"1030615 0"	"00"
"1031209 0"	"00"
"1031228 30"	"00"
"1031770 0"	"00"
"1032405 0"	"00"
"103267 0"	"00"
"1033071 0"	"00"
"1033207 0"	"00"
"1033224 0"	"00"
"1033301 0"	"00"
"1033438 0"	"00"
"1033509 0"	"00"
"1033769 0"	"00"
"1034026 0"	"00"
"1034223 0"	"00"
"1034256 0"	"00"
"1034289 10"	"00"
"1034405 10"	"00"
"103456 0"	"00"
"1034596 0"	"00"
"1034776 20"	"00"
"1034891 0"	"00"
"1035441 0"	"00"
"1035701 0"	"00"
"1036446 0"	"00"
"1036904 0"	"00"
"1037148 0"	"00"
"1037219 0"	"00"
"1037556 0"	"00"
"1037571 0"	"00"
"1037805 0"	"00"
"1037929 20"	"00"
"103809 0"	"00"
"1038332 0"	"00"
"1038376 10"	"00"
"1038618 0"	"00"
"1038677 0"	"00"
"1039032 0"	"00"
"1039183 0"	"00"
"1039221 0"	"00"
"1039436 0"	"00"
"1039587 0"	"00"
"1040055 0"	"00"
"1040953 0"	"00"
"1040968 0"	"00"
"1040985 0"	"00"
"1042210 0"	"00"
"1042586 0"	"00"
"1042622 0"	"00"
"104312 0"	"00"
"1043350 0"	"00"
"1044014 0"	"00"
"1045034 0"	"00"
"1045134 0"	"00"
"1045519 0"	"00"
"104559 0"	"00"
"1045766 0"	"00"
"1046034 0"	"00"
"1046070 0"	"00"
"1046596 0"	"00"
"1046732 0"	"00"
"104708 0"	"00"
"1047401 0"	"00"
"1047682 0"	"00"
"1047956 0"	"00"
"1048066 0"	"00"
"1048221 0"	"00"
"104856 0"	"00"
"1049197 0"	"00"
"1049404 0"	"00"
"1049707 0"	"00"
"1050160 0"	"00"
"1051159 0"	"00"
"1051169 0"	"00"
"1051391 0"	"00"
"1051451 0"	"00"
"1051767 0"	"00"
"1051800 0"	"00"
"1052033 0"	"00"
"1052387 0"	"00"
"1053337 0"	"00"
"105381 0"	"00"
"1054115 0"	"00"
"105413 10"	"00"
"1054755 0"	"00"
"1055097 0"	"00"
"1056184 0"	"00"
"1056339 0"	"00"
"1056531 0"	"00"
"1056701 0"	"00"
"1057109 0"	"00"
"1057138 0"	"00"
"105732 0"	"00"
"1057996 0"	"00"
"1058120 0"	"00"
"1058601 0"	"00"
"1058749 0"	"00"
"1058798 0"	"00"
"1059098 0"	"00"
"1059342 0"	"00"
"1059383 0"	"00"
"1059506 0"	"00"
"1059686 0"	"00"
"1060376 0"	"00"
"1060406 0"	"00"
"1061491 0"	"00"
"1061671 0"	"00"
"1061681 0"	"00"
"1061708 0"	"00"
"106185 0"	"00"
"1062085 0"	"00"
"1062282 0"	"00"
"1062520 0"	"00"
"1062904 0"	"00"
"106304 0"	"00"
"106308 0"	"00"
"1063106 0"	"00"
"106323 0"	"00"
"1063391 0"	"00"
"1063521 0"	"00"
"1063921 0"	"00"
"1064162 0"	"00"
"1064402 0"	"00"
"1064633 0"	"00"
"1064766 0"	"00"
"1064992 0"	"00"
"1065005 0"	"00"
"1065673 0"	"00"
"1065716 0"	"00"
"1065765 0"	"00"
"1066001 0"	"00"
"1066155 0"	"00"
"1066326 0"	"00"
"106654 0"	"00"
"1066811 0"	"00"
"1066938 0"	"00"
"1067133 0"	"00"
"1067346 0"	"00"
"1067430 0"	"00"
"1067447 0"	"00"
"1067841 0"	"00"
"1068149 0"	"00"
"1068224 0"	"00"
"1068236 0"	"00"
"1068549 0"	"00"
"106889 0"	"00"
"1068937 0"	"00"
"1068999 0"	"00"
"1070073 0"	"00"
"1070303 0"	"00"
"107036 0"	"00"
"1070478 0"	"00"
"1070876 0"	"00"
"1071070 20"	"00"
"1071108 0"	"00"
"1071123 0"	"00"
"1071328 0"	"00"
"1071342 0"	"00"
"1071474 0"	"00"
"1071553 0"	"00"
"1071621 0"	"00"
"1071847 0"	"00"
"1072722 0"	"00"
"1072782 0"	"00"
"1073005 0"	"00"
"1073134 0"	"00"
"1073298 0"	"00"
"1073300 0"	"00"
"1073455 0"	"00"
"1073591 0"	"00"
"1073707 0"	"00"
"1073723 0"	"00"
"1073831 0"	"00"
"107389 0"	"00"
"1074003 0"	"00"
"1074030 0"	"00"
"1074190 0"	"00"
"1074493 0"	"00"
"1074659 0"	"00"
"1074807 0"	"00"
"1076049 0"	"00"
"1076301 0"	"00"
"1076373 0"	"00"
"1076497 0"	"00"
"1076554 0"	"00"
"1076855 0"	"00"
"1076987 0"	"00"
"1077077 0"	"00"
"1077116 0"	"00"
"1077175 0"	"00"
"107723 0"	"00"
"1077709 0"	"00"
"1078120 0"	"00"
"1078277 0"	"00"
"107834 0"	"00"
"1078352 0"	"00"
"1078389 0"	"00"
"1078444 0"	"00"
"1078569 0"	"00"
"1078999 10"	"00"
"1079849 0"	"00"
"1079963 0"	"00"
"1080323 0"	"00"
"1081369 0"	"00"
"1081520 0"	"00"
"1081731 0"	"00"
"1081887 0"	"00"
"1082189 0"	"00"
"1082369 0"	"00"
"1082550 0"	"00"
"1082861 0"	"00"
"1083039 0"	"00"
"1083375 0"	"00"
"1083552 0"	"00"
"1083658 0"	"00"
"1083927 0"	"00"
"1084178 0"	"00"
"1084190 0"	"00"
"1084306 0"	"00"
"1084404 0"	"00"
"1084442 0"	"00"
"1084446 0"	"00"
"1084528 0"	"00"
"1084807 0"	"00"
"1085633 0"	"00"
"1085855 0"	"00"
"1086179 0"	"00"
"1086267 0"	"00"
"1086450 0"	"00"
"1086628 0"	"00"
"1086858 0"	"00"
"1087231 0"	"00"
"1087397 0"	"00"
"1087588 0"	"00"
"1087602 0"	"00"
"1087628 0"	"00"
"1087633 0"	"00"
"1087852 0"	"00"
"1087891 0"	"00"
"1088254 0"	"00"
"1088278 0"	"00"
"1088318 0"	"00"
"1089004 0"	"00"
"1089371 0"	"00"
"1089445 0"	"00"
"1089624 0"	"00"
"1089709 0"	"00"
"1090090 0"	"00"
"1090839 0"	"00"
"1091129 0"	"00"
"1091335 0"	"00"
"109136 0"	"00"
"1092147 0"	"00"
"1092169 0"	"00"
"1092233 0"	"00"
"1093031 0"	"00"
"1093071 0"	"00"
"1093354 0"	"00"
"109350 0"	"00"
"1093960 0"	"00"
"1094042 0"	"00"
"1094105 0"	"00"
"1094378 0"	"00"
"1094555 0"	"00"
"1094869 0"	"00"
"1094890 0"	"00"
"1095024 0"	"00"
"1095026 0"	"00"
"1095044 0"	"00"
"1095146 0"	"00"
"1096470 0"	"00"
"1096522 0"	"00"
"1096736 0"	"00"
"1096798 0"	"00"
"1096874 0"	"00"
"1097168 0"	"00"
"1097264 0"	"00"
"1097991 0"	"00"
"1098148 0"	"00"
"1098163 0"	"00"
"1098268 0"	"00"
"1098426 0"	"00"
"1099018 0"	"00"
"1099088 0"	"00"
"1099126 0"	"00"
"1099334 0"	"00"
"1099344 0"	"00"
"1099868 0"	"00"
"1100064 0"	"00"
"1100164 0"	"00"
"1100574 0"	"00"
"1101269 0"	"00"
"1101342 0"	"00"
"1101349 0"	"00"
"1101385 0"	"00"
"1101401 0"	"00"
"1101726 0"	"00"
"1102152 0"	"00"
"1102751 0"	"00"
"1103316 0"	"00"
"1103470 0"	"00"
"1103550 0"	"00"
"1103613 0"	"00"
"110390 0"	"00"
"1103927 0"	"00"
"1104095 0"	"00"
"110438 0"	"00"
"1104446 0"	"00"
"1104542 0"	"00"
"1104549 0"	"00"
"1104633 0"	"00"
"1105080 0"	"00"
"1105216 0"	"00"
"1105236 0"	"00"
"1105429 0"	"00"
"1105669 0"	"00"
"1105673 0"	"00"
"1105804 0"	"00"
"1105879 0"	"00"
"1105972 0"	"00"
"1106136 0"	"00"
"1106255 0"	"00"
"1106685 0"	"00"
"1106795 0"	"00"
"1106809 0"	"00"
"1106882 0"	"00"
"1107323 0"	"00"
"1107705 0"	"00"
"1107793 0"	"00"
"1108073 0"	"00"
"1108406 0"	"00"
"1108776 0"	"00"
"1108793 0"	"00"
"1108843 0"	"00"
"1109015 0"	"00"
"1109087 0"	"00"
"1109340 0"	"00"
"1109407 0"	"00"
"1109492 0"	"00"
"1109649 0"	"00"
"1109801 0"	"00"
"1110256 0"	"00"
"1110302 0"	"00"
"1110415 0"	"00"
"1110464 0"	"00"
"1110759 0"	"00"
"1110878 0"	"00"
"1110941 0"	"00"
"1111441 0"	"00"
"1111669 0"	"00"
"1111771 0"	"00"
"1111810 0"	"00"
"1111875 0"	"00"
"111220 0"	"00"
"1112213 0"	"00"
"1112399 0"	"00"
"1112654 0"	"00"
"1112790 0"	"00"
"1112828 0"	"00"
"1112845 0"	"00"
"1113153 0"	"00"
"1113521 0"	"00"
"1113559 0"	"00"
"1113609 0"	"00"
"1113763 0"	"00"
"1113967 0"	"00"
"111421 0"	"00"
"1114316 0"	"00"
"1114498 0"	"00"
"1114500 0"	"00"
"1115154 0"	"00"
"1115733 0"	"00"
"1115849 0"	"00"
"1116689 0"	"00"
"1116753 0"	"00"
"1116888 0"	"00"
"1117338 0"	"00"
"111743 0"	"00"
"1117700 0"	"00"
"1117714 0"	"00"
"1117890 0"	"00"
"1117962 0"	"00"
"1118037 0"	"00"
"1118129 0"	"00"
"1118229 0"	"00"
"1118334 0"	"00"
"1118998 0"	"00"
"1119147 0"	"00"
"1119183 0"	"00"
"1119254 0"	"00"
"1119278 0"	"00"
"1119564 0"	"00"
"1119969 0"	"00"
"1120237 0"	"00"
"112033 0"	"00"
"1120383 0"	"00"
"1120625 0"	"00"
"1120762 0"	"00"
"1120905 0"	"00"
"112115 0"	"00"
"1121369 0"	"00"
"1121913 0"	"00"
"1122091 0"	"00"
"1122242 0"	"00"
"1122588 0"	"00"
"1122734 0"	"00"
"1123033 0"	"00"
"1123335 0"	"00"
"1123517 0"	"00"
"1123831 0"	"00"
"112384 0"	"00"
"1123920 0"	"00"
"1123925 0"	"00"
"1124459 0"	"00"
"1124672 0"	"00"
"1124676 0"	"00"
"1124719 0"	"00"
"1124883 0"	"00"
"1124890 0"	"00"
"1125219 0"	"00"
"1125321 0"	"00"
"1125582 0"	"00"
"1125686 0"	"00"
"1125981 0"	"00"
"1126266 0"	"00"
"1126276 0"	"00"
"1126554 0"	"00"
"1127454 0"	"00"
"1127616 0"	"00"
"1128192 0"	"00"
"1128241 0"	"00"
"1128392 0"	"00"
"1128490 0"	"00"
"1128642 0"	"00"
"1128803 0"	"00"
"1128885 0"	"00"
"1128941 0"	"00"
"1129202 0"	"00"
"1129315 0"	"00"
"1129720 0"	"00"
"1130247 0"	"00"
"1130359 10"	"00"
"1130403 0"	"00"
"113044 0"	"00"
"1130573 0"	"00"
"1130756 0"	"00"
"113082 0"	"00"
"1130905 0"	"00"
"1130917 0"	"00"
"1131041 0"	"00"
"1131043 0"	"00"
"1131438 0"	"00"
"1131981 0"	"00"
"1132003 0"	"00"
"1132266 0"	"00"
"1132335 0"	"00"
"1132364 0"	"00"
"1132403 0"	"00"
"1132669 0"	"00"
"1132715 0"	"00"
"1132719 0"	"00"
"1132744 0"	"00"
"1132759 0"	"00"
"1132988 0"	"00"
"1133015 0"	"00"
"1133053 0"	"00"
"1133137 0"	"00"
"1133574 0"	"00"
"1134170 0"	"00"
"1134607 0"	"00"
"1134744 0"	"00"
"1135677 0"	"00"
"1135957 0"	"00"
"1136035 0"	"00"
"1136261 0"	"00"
"113654 0"	"00"
"1136721 0"	"00"
"1136846 0"	"00"
"1136857 0"	"00"
"1136997 0"	"00"
"1137074 0"	"00"
"1137253 0"	"00"
"1137353 0"	"00"
"1137523 0"	"00"
"1137660 0"	"00"
"1137765 0"	"00"
"1137822 0"	"00"
"1137858 0"	"00"
"1137863 0"	"00"
"1137943 0"	"00"
"1138055 0"	"00"
"1138171 0"	"00"
"1138251 0"	"00"
"1138346 0"	"00"
"1138512 0"	"00"
"1138703 0"	"00"
"1138749 0"	"00"
"1139596 0"	"00"
"1140015 0"	"00"
"1140171 0"	"00"
"114056 0"	"00"
"1140898 0"	"00"
"1141582 0"	"00"
"1141611 0"	"00"
"1141728 0"	"00"
"1141993 0"	"00"
"114201 0"	"00"
"1142024 0"	"00"
"1142294 0"	"00"
"1142498 0"	"00"
"1142590 0"	"00"
"1142635 0"	"00"
"1142831 0"	"00"
"1143142 0"	"00"
"114355 0"	"00"
"1143644 0"	"00"
"1143919 0"	"00"
"1144195 0"	"00"
"1144859 0"	"00"
"1145168 0"	"00"
"1145180 0"	"00"
"1145476 0"	"00"
"1145607 0"	"00"
"1145742 0"	"00"
"1145752 0"	"00"
"1145937 0"	"00"
"1146109 0"	"00"
"1146238 0"	"00"
"1146338 0"	"00"
"1146376 0"	"00"
"1146446 0"	"00"
"1146652 0"	"00"
"1146913 60"	"00"
"1147198 0"	"00"
"1147708 0"	"00"
"1148374 0"	"00"
"1148983 10"	"00"
"1149313 0"	"00"
"1149638 0"	"00"
"1149760 0"	"00"
"1150023 0"	"00"
"1150108 620"	"00"
"1151244 0"	"00"
"1152033 40"	"00"
"1152160 0"	"00"
"1152485 0"	"00"
"115258 0"	"00"
"1152771 0"	"00"
"1153262 40"	"00"
"1153309 0"	"00"
"1153327 0"	"00"
"115446 0"	"00"
"1154877 0"	"00"
"115521 0"	"00"
"1155376 0"	"00"
"1155964 0"	"00"
"1157047 0"	"00"
"1157654 0"	"00"
"1159048 0"	"00"
"1159395 0"	"00"
"1159523 0"	"00"
"1159618 0"	"00"
"1159659 0"	"00"
"1160450 0"	"00"
"1160506 0"	"00"
"1160597 0"	"00"
"1161949 0"	"00"
"1162198 0"	"00"
"116236 0"	"00"
"1163084 0"	"00"
"1163421 0"	"00"
"1163598 0"	"00"
"1163945 0"	"00"
"1164046 10"	"00"
"1164148 0"	"00"
"1164407 0"	"00"
"1164915 0"	"00"
"1165287 0"	"00"
"1165405 10"	"00"
"1165926 0"	"00"
"116606 0"	"00"
"1166453 0"	"00"
"1166533 0"	"00"
"1167564 80"	"00"
"1167802 0"	"00"
"1168795 0"	"00"
"1168805 0"	"00"
"1169008 0"	"00"
"1169571 0"	"00"
"1169705 0"	"00"
"1169862 0"	"00"
"1170560 0"	"00"
"1170971 0"	"00"
"1171060 0"	"00"
"117124 0"	"00"
"1171291 0"	"00"
"1171626 0"	"00"
"1172133 0"	"00"
"117247 0"	"00"
"1173348 0"	"00"
"1173569 0"	"00"
"1173669 0"	"00"
"117445 0"	"00"
"1174820 0"	"00"
"1174942 0"	"00"
"1175211 0"	"00"
"1175566 0"	"00"
"1175976 0"	"00"
"1176574 0"	"00"
"1176638 0"	"00"
"1176696 0"	"00"
"1176798 0"	"00"
"1177399 0"	"00"
"1177407 0"	"00"
"1177710 0"	"00"
"1178492 0"	"00"
"1178871 0"	"00"
"117941 0"	"00"
"1179523 0"	"00"
"1180372 0"	"00"
"118059 0"	"00"
"1180847 0"	"00"
"1180962 30"	"00"
"1180982 0"	"00"
"1181226 0"	"00"
"1181244 0"	"00"
"1181280 40"	"00"
"1181364 0"	"00"
"1181487 0"	"00"
"1182516 0"	"00"
"1182657 0"	"00"
"1182683 0"	"00"
"1182862 0"	"00"
"118299 0"	"00"
"1183260 10"	"00"
"1183959 0"	"00"
"1184058 0"	"00"
"1184543 0"	"00"
"1185088 0"	"00"
"1185355 0"	"00"
"1185980 0"	"00"
"1186545 0"	"00"
"1186735 0"	"00"
"1187003 0"	"00"
"1187047 0"	"00"
"1187116 0"	"00"
"1188370 0"	"00"
"1188416 0"	"00"
"1189101 0"	"00"
"1189210 0"	"00"
"1189281 0"	"00"
"1189550 0"	"00"
"1189744 0"	"00"
"1189989 0"	"00"
"1190196 0"	"00"
"1190307 0"	"00"
"1190591 0"	"00"
"1190887 0"	"00"
"1190910 0"	"00"
"1191867 0"	"00"
"119200 0"	"00"
"1192143 0"	"00"
"1192458 0"	"00"
"1192583 0"	"00"
"1193045 0"	"00"
"119324 0"	"00"
"1193582 0"	"00"
"1194141 0"	"00"
"1194184 0"	"00"
"1194349 0"	"00"
"1194607 0"	"00"
"1194908 0"	"00"
"119552 0"	"00"
"1195839 0"	"00"
"1195962 0"	"00"
"1196295 0"	"00"
"119631 0"	"00"
"1196404 0"	"00"
"1196885 0"	"00"
"119699 0"	"00"
"1197229 0"	"00"
"1197303 0"	"00"
"1197621 0"	"00"
"1197639 0"	"00"
"1198013 0"	"00"
"1198055 20"	"00"
"1198271 0"	"00"
"1199361 0"	"00"
"1199860 0"	"00"
"120002 0"	"00"
"1200122 0"	"00"
"1200192 10"	"00"
"1200343 0"	"00"
"1200518 0"	"00"
"1200598 0"	"00"
"1200827 0"	"00"
"1200921 0"	"00"
"1201066 0"	"00"
"1201214 0"	"00"
"1201269 0"	"00"
"1201783 0"	"00"
"1201812 90"	"00"
"1202139 0"	"00"
"120230 0"	"00"
"1202366 0"	"00"
"1202964 0"	"00"
"1203070 0"	"00"
"1203137 10"	"00"
"1203165 0"	"00"
"1203177 0"	"00"
"1203467 0"	"00"
"1203650 0"	"00"
"1203675 0"	"00"
"1203980 0"	"00"
"1204152 0"	"00"
"1204678 0"	"00"
"1204781 0"	"00"
"1205087 0"	"00"
"1205639 0"	"00"
"1206027 0"	"00"
"1206831 0"	"00"
"1207709 0"	"00"
"1208294 0"	"00"
"1208382 0"	"00"
"1208573 0"	"00"
"1208848 0"	"00"
"1209239 0"	"00"
"121008 0"	"00"
"1211320 0"	"00"
"1211731 0"	"00"
"1212105 0"	"00"
"1212144 0"	"00"
"1212428 0"	"00"
"1212830 0"	"00"
"1212902 0"	"00"
"1213182 0"	"00"
"1213403 0"	"00"
"1213779 0"	"00"
"1213859 30"	"00"
"121429 0"	"00"
"1214604 0"	"00"
"1215085 0"	"00"
"1215302 0"	"00"
"121534 0"	"00"
"1215468 0"	"00"
"1215514 0"	"00"
"1215612 0"	"00"
"1215727 0"	"00"
"1215893 0"	"00"
"1216063 0"	"00"
"1216214 0"	"00"
"1216506 0"	"00"
"1217020 0"	"00"
"1217091 0"	"00"
"121737 0"	"00"
"1217549 0"	"00"
"1217608 0"	"00"
"1217899 0"	"00"
"1217965 20"	"00"
"1218314 0"	"00"
"1218476 0"	"00"
"1218703 0"	"00"
"1219030 0"	"00"
"1219091 0"	"00"
"121971 0"	"00"
"1219877 0"	"00"
"1220779 0"	"00"
"1220972 0"	"00"
"1220981 0"	"00"
"1221056 0"	"00"
"1221220 0"	"00"
"1221241 0"	"00"
"1221452 0"	"00"
"1221541 0"	"00"
"1221747 0"	"00"
"122182 0"	"00"
"1221858 0"	"00"
"1222992 0"	"00"
"1223043 0"	"00"
"1223244 0"	"00"
"1223299 0"	"00"
"1223610 0"	"00"
"1223645 0"	"00"
"1223778 0"	"00"
"1224059 0"	"00"
"1224374 0"	"00"
"1224434 0"	"00"
"1224852 0"	"00"
"1224922 0"	"00"
"1224972 0"	"00"
"122555 0"	"00"
"122610 0"	"00"
"1226722 0"	"00"
"1226822 0"	"00"
"122713 0"	"00"
"1227324 0"	"00"
"1227509 0"	"00"
"1227551 0"	"00"
"1227754 0"	"00"
"1228246 0"	"00"
"1228269 0"	"00"
"1228590 0"	"00"
"1229030 0"	"00"
"1229884 0"	"00"
"1229938 0"	"00"
"1230737 0"	"00"
"1230848 0"	"00"
"1230861 0"	"00"
"1231017 0"	"00"
"1231156 0"	"00"
"1232080 0"	"00"
"1232406 0"	"00"
"1232636 0"	"00"
"123352 0"	"00"
"1233610 0"	"00"
"1234013 0"	"00"
"1234436 0"	"00"
"1234740 0"	"00"
"1234815 0"	"00"
"1234917 0"	"00"
"1235310 0"	"00"
"1235338 0"	"00"
"1235857 0"	"00"
"123589 0"	"00"
"1235924 0"	"00"
"1235936 0"	"00"
"1236729 0"	"00"
"1236825 0"	"00"
"1236994 0"	"00"
"123708 0"	"00"
"1237249 0"	"00"
"1237314 0"	"00"
"1237429 0"	"00"
"1237466 0"	"00"
"1237470 0"	"00"
"1237548 0"	"00"
"1237589 0"	"00"
"1237726 0"	"00"
"1237853 0"	"00"
"1237987 0"	"00"
"1238073 0"	"00"
"1238178 0"	"00"
"1238329 0"	"00"
"1238732 0"	"00"
"1239314 0"	"00"
"123945 0"	"00"
"1239561 0"	"00"
"1239623 0"	"00"
"1240004 0"	"00"
"1240332 0"	"00"
"1240462 0"	"00"
"1240484 0"	"00"
"1240853 0"	"00"
"1240878 0"	"00"
"1241447 0"	"00"
"1241990 0"	"00"
"1242120 0"	"00"
"1243019 0"	"00"
"1243095 0"	"00"
"1243294 0"	"00"
"1243477 0"	"00"
"1243714 0"	"00"
"1243787 0"	"00"
"1243874 0"	"00"
"1244080 0"	"00"
"1244307 0"	"00"
"1245177 0"	"00"
"1245368 0"	"00"
"1245494 0"	"00"
"1245567 0"	"00"
"1245837 0"	"00"
"1246079 0"	"00"
"1246396 0"	"00"
"1246997 0"	"00"
"1247052 0"	"00"
"1247455 0"	"00"
"1247732 0"	"00"
"1247816 0"	"00"
"1247873 0"	"00"
"1247923 0"	"00"
"1247962 0"	"00"
"1247970 0"	"00"
"1248113 0"	"00"
"1248614 0"	"00"
"1248651 0"	"00"
"1248730 0"	"00"
"1248929 0"	"00"
"1249165 0"	"00"
"1249300 0"	"00"
"124931 0"	"00"
"1249889 0"	"00"
"1250034 0"	"00"
"1250212 0"	"00"
"125023 0"	"00"
"1250761 0"	"00"
"1251515 0"	"00"
"1251674 0"	"00"
"1251685 0"	"00"
"1251734 0"	"00"
"1251909 0"	"00"
"1252529 0"	"00"
"1253006 0"	"00"
"1253080 0"	"00"
"1253172 0"	"00"
"1253175 0"	"00"
"1253205 0"	"00"
"1253529 0"	"00"
"1253735 0"	"00"
"1253746 0"	"00"
"1253788 0"	"00"
"1254339 0"	"00"
"1254376 0"	"00"
"1254507 0"	"00"
"1254753 0"	"00"
"1254969 0"	"00"
"1255033 0"	"00"
"1255103 0"	"00"
"1255178 0"	"00"
"1255355 0"	"00"
"1256009 0"	"00"
"1256238 0"	"00"
"1256494 0"	"00"
"1256555 0"	"00"
"1256574 0"	"00"
"1256892 0"	"00"
"1256933 0"	"00"
"1257081 0"	"00"
"1257314 0"	"00"
"1257399 0"	"00"
"1257470 0"	"00"
"1257591 0"	"00"
"1257614 0"	"00"
"1257769 0"	"00"
"1258268 0"	"00"
"1258301 0"	"00"
"1258343 0"	"00"
"1258511 0"	"00"
"1258778 0"	"00"
"1259385 0"	"00"
"125944 0"	"00"
"1259577 0"	"00"
"1259721 0"	"00"
"1260151 0"	"00"
"1260451 0"	"00"
"1260454 0"	"00"
"1260635 0"	"00"
"1260780 0"	"00"
"1260910 0"	"00"
"1261372 0"	"00"
"1261521 0"	"00"
"1261613 0"	"00"
"126247 0"	"00"
"1262497 0"	"00"
"1262561 0"	"00"
"1262657 0"	"00"
"1263014 0"	"00"
"1263162 0"	"00"
"1263183 0"	"00"
"1263199 0"	"00"
"1263270 0"	"00"
"1263277 0"	"00"
"1263397 0"	"00"
"1263411 0"	"00"
"1263654 0"	"00"
"1263666 0"	"00"
"1263982 0"	"00"
"126399 0"	"00"
"12642 0"	"00"
"1264346 0"	"00"
"1264513 0"	"00"
"1264579 0"	"00"
"1264612 0"	"00"
"1264901 0"	"00"
"1265196 0"	"00"
"1265360 0"	"00"
"1265673 0"	"00"
"1265792 0"	"00"
"1266110 0"	"00"
"1266258 0"	"00"
"1266667 0"	"00"
"1266955 0"	"00"
"126725 0"	"00"
"1267655 0"	"00"
"1267717 0"	"00"
"12679 0"	"00"
"1267943 0"	"00"
"1268189 0"	"00"
"1268259 0"	"00"
"1268364 0"	"00"
"1268565 0"	"00"
"1268656 0"	"00"
"1268786 0"	"00"
"1268938 0"	"00"
"1269030 0"	"00"
"1269289 0"	"00"
"1269343 0"	"00"
"126940 0"	"00"
"1269627 0"	"00"
"1269799 0"	"00"
"1269931 0"	"00"
"1270124 0"	"00"
"127025 0"	"00"
"1270886 0"	"00"
"1271167 0"	"00"
"1271189 0"	"00"
"1271310 0"	"00"
"1271706 0"	"00"
"127186 0"	"00"
"1272027 0"	"00"
"1272232 0"	"00"
"1272516 0"	"00"
"1273143 0"	"00"
"1273238 10"	"00"
"1273729 0"	"00"
"1274055 0"	"00"
"1274126 0"	"00"
"1274283 0"	"00"
"1274602 0"	"00"
"1274631 0"	"00"
"1274632 0"	"00"
"1274700 0"	"00"
"1274731 0"	"00"
"1275079 0"	"00"
"1275358 0"	"00"
"1275514 0"	"00"
"1275532 0"	"00"
"1275718 0"	"00"
"1276185 0"	"00"
"1276241 0"	"00"
"1276309 0"	"00"
"1276477 0"	"00"
"12765 0"	"00"
"1276631 0"	"00"
"1277597 0"	"00"
"1277861 0"	"00"
"1278020 0"	"00"
"1278144 0"	"00"
"1278157 0"	"00"
"127853 0"	"00"
"1278776 0"	"00"
"1279063 0"	"00"
"1279609 0"	"00"
"1280148 0"	"00"
"1280762 0"	"00"
"1280975 0"	"00"
"1281152 0"	"00"
"1281182 0"	"00"
"1281213 0"	"00"
"1281280 0"	"00"
"1281281 0"	"00"
"1281466 0"	"00"
"1281626 0"	"00"
"1282020 0"	"00"
"1282380 0"	"00"
"1282692 0"	"00"
"1282903 0"	"00"
"1282947 0"	"00"
"128322 0"	"00"
"1283240 0"	"00"
"1283705 0"	"00"
"1283921 0"	"00"
"1283942 0"	"00"
"1284152 0"	"00"
"1284346 0"	"00"
"1284460 0"	"00"
"1284853 0"	"00"
"1285057 0"	"00"
"1285497 0"	"00"
"1285843 0"	"00"
"1286077 0"	"00"
"1286195 0"	"00"
"128695 0"	"00"
"1287537 0"	"00"
"1287694 0"	"00"
"1287722 0"	"00"
"1287775 0"	"00"
"1287844 0"	"00"
"1288027 0"	"00"
"1288081 0"	"00"
"1288343 0"	"00"
"1288487 0"	"00"
"1288792 0"	"00"
"1289252 0"	"00"
"1289434 0"	"00"
"1289532 0"	"00"
"1289980 0"	"00"
"1290113 0"	"00"
"1290300 0"	"00"
"1290388 0"	"00"
"1290460 0"	"00"
"1291012 0"	"00"
"1291357 0"	"00"
"1291371 0"	"00"
"1291456 0"	"00"
"1291469 0"	"00"
"1291497 0"	"00"
"1291682 0"	"00"
"1291864 0"	"00"
"1292166 0"	"00"
"1292359 0"	"00"
"1292957 0"	"00"
"1293056 0"	"00"
"1293067 0"	"00"
"1293298 0"	"00"
"1293476 0"	"00"
"129391 0"	"00"
"1293974 0"	"00"
"1294186 0"	"00"
"129425 0"	"00"
"1294323 0"	"00"
"129441 0"	"00"
"1294565 0"	"00"
"1294663 0"	"00"
"1294862 0"	"00"
"1294941 0"	"00"
"1295878 0"	"00"
"1296035 0"	"00"
"1296036 0"	"00"
"1296284 0"	"00"
"1296619 0"	"00"
"129662 0"	"00"
"1296667 0"	"00"
"1296724 0"	"00"
"1296859 0"	"00"
"1296925 0"	"00"
"1297230 0"	"00"
"1297609 0"	"00"
"1297741 0"	"00"
"129787 0"	"00"
"1298202 0"	"00"
"1298401 0"	"00"
"1298794 0"	"00"
"1299190 0"	"00"
"1299622 0"	"00"
"1299732 0"	"00"
"1299833 0"	"00"
"1300057 0"	"00"
"1300292 0"	"00"
"1300399 0"	"00"
"1300691 0"	"00"
"1300872 0"	"00"
"1300951 0"	"00"
"1300952 0"	"00"
"1300961 0"	"00"
"1301036 0"	"00"
"130111 0"	"00"
"1301448 0"	"00"
"1301810 0"	"00"
"1301817 0"	"00"
"1301835 0"	"00"
"1302154 0"	"00"
"1302155 0"	"00"
"1302336 0"	"00"
"1302761 0"	"00"
"1303291 0"	"00"
"1303318 0"	"00"
"1303510 0"	"00"
"1303511 0"	"00"
"1303689 0"	"00"
"1303693 0"	"00"
"1304224 0"	"00"
"1304250 0"	"00"
"1304528 0"	"00"
"1304687 0"	"00"
"1304701 0"	"00"
"1305460 0"	"00"
"130571 0"	"00"
"1305782 0"	"00"
"1306048 0"	"00"
"1306106 0"	"00"
"1306170 0"	"00"
"1306245 0"	"00"
"1307166 0"	"00"
"1307349 0"	"00"
"1307420 0"	"00"
"1307904 0"	"00"
"1308285 0"	"00"
"1308855 0"	"00"
"1308911 0"	"00"
"1309017 0"	"00"
"1309055 0"	"00"
"130909 0"	"00"
"1309203 0"	"00"
"1309263 0"	"00"
"1309374 0"	"00"
"1309484 0"	"00"
"1309489 0"	"00"
"1309491 0"	"00"
"1309594 0"	"00"
"1309676 0"	"00"
"1309730 0"	"00"
"1310090 0"	"00"
"1310276 0"	"00"
"1310520 0"	"00"
"1310624 0"	"00"
"1310680 0"	"00"
"1310910 0"	"00"
"1310932 0"	"00"
"1311462 0"	"00"
"1311666 260"	"00"
"1311811 0"	"00"
"1311912 0"	"00"
"1312023 710"	"00"
"1312304 0"	"00"
"1312309 0"	"00"
"1312725 0"	"00"
"1312746 0"	"00"
"131283 0"	"00"
"1313249 0"	"00"
"1313363 0"	"00"
"131463 0"	"00"
"131514 0"	"00"
"1315295 0"	"00"
"1315629 0"	"00"
"1315977 0"	"00"
"1316301 0"	"00"
"1316311 0"	"00"
"1316351 0"	"00"
"131647 0"	"00"
"1316684 0"	"00"
"1316750 0"	"00"
"1317253 0"	"00"
"131740 0"	"00"
"1317576 0"	"00"
"1317944 0"	"00"
"1317989 0"	"00"
"131864 0"	"00"
"1318861 0"	"00"
"1320151 0"	"00"
"1320254 0"	"00"
"1320407 0"	"00"
"1320890 0"	"00"
"1321307 0"	"00"
"1321315 0"	"00"
"1323119 0"	"00"
"1323318 0"	"00"
"1323666 0"	"00"
"1323832 0"	"00"
"1324009 0"	"00"
"132440 0"	"00"
"1324530 10"	"00"
"1326239 0"	"00"
"1326263 0"	"00"
"1326274 0"	"00"
"1326279 0"	"00"
"1326309 0"	"00"
"1326698 0"	"00"
"1326992 0"	"00"
"1327039 0"	"00"
"1327190 0"	"00"
"1327527 0"	"00"
"1327610 0"	"00"
"1328113 0"	"00"
"132825 0"	"00"
"132866 0"	"00"
"1328865 0"	"00"
"1329389 0"	"00"
"1329460 0"	"00"
"1329483 0"	"00"
"1330724 0"	"00"
"1331604 0"	"00"
"1331777 0"	"00"
"1332132 0"	"00"
"1332274 10"	"00"
"1332402 20"	"00"
"1332817 0"	"00"
"1332837 0"	"00"
"1333067 0"	"00"
"1333116 0"	"00"
"1334796 0"	"00"
"1335393 0"	"00"
"1335535 0"	"00"
"1335795 0"	"00"
"1335887 0"	"00"
"1336161 0"	"00"
"1336294 0"	"00"
"1336426 0"	"00"
"1336458 0"	"00"
"1336883 0"	"00"
"1337075 0"	"00"
"1337256 0"	"00"
"1337368 0"	"00"
"1339386 0"	"00"
"1339439 0"	"00"
"1340338 0"	"00"
"1340411 0"	"00"
"1340419 0"	"00"
"1340628 0"	"00"
"1341205 0"	"00"
"1341798 0"	"00"
"1342007 0"	"00"
"1342513 0"	"00"
"1342554 0"	"00"
"1342607 0"	"00"
"1342971 0"	"00"
"1343203 0"	"00"
"1343241 0"	"00"
"1343583 0"	"00"
"134408 0"	"00"
"1344142 0"	"00"
"1344732 0"	"00"
"1345084 0"	"00"
"1345378 0"	"00"
"1345530 0"	"00"
"1345734 0"	"00"
"1346283 0"	"00"
"1346460 0"	"00"
"134773 0"	"00"
"1347920 0"	"00"
"1347971 0"	"00"
"1348310 0"	"00"
"1348361 20"	"00"
"1348504 0"	"00"
"1348507 0"	"00"
"1348902 0"	"00"
"1349299 0"	"00"
"1349387 0"	"00"
"134978 0"	"00"
"1349786 0"	"00"
"1350235 0"	"00"
"1351070 0"	"00"
"1351317 0"	"00"
"1351826 0"	"00"
"1352066 0"	"00"
"1352069 0"	"00"
"1352163 0"	"00"
"1352616 0"	"00"
"1353078 70"	"00"
"135319 0"	"00"
"1353707 0"	"00"
"1354412 0"	"00"
"1354431 0"	"00"
"1354802 0"	"00"
"1355325 0"	"00"
"1355329 0"	"00"
"1355602 0"	"00"
"1355751 0"	"00"
"1356236 0"	"00"
"1356252 0"	"00"
"135653 0"	"00"
"1357168 0"	"00"
"1357315 0"	"00"
"1357778 0"	"00"
"1357784 0"	"00"
"1357991 0"	"00"
"1358513 0"	"00"
"1359105 0"	"00"
"135971 0"	"00"
"1359849 0"	"00"
"1359853 0"	"00"
"1359856 0"	"00"
"1359910 0"	"00"
"1359973 0"	"00"
"1360115 0"	"00"
"1360533 0"	"00"
"1361267 0"	"00"
"1362523 0"	"00"
"1363456 0"	"00"
"1363542 0"	"00"
"1364109 0"	"00"
"1364172 0"	"00"
"1364852 0"	"00"
"1364984 0"	"00"
"1365294 0"	"00"
"1366155 0"	"00"
"1366473 0"	"00"
"1366862 0"	"00"
"1366870 0"	"00"
"13674 0"	"00"
"1367653 0"	"00"
"1367771 0"	"00"
"1367957 0"	"00"
"1367961 0"	"00"
"1368178 0"	"00"
"1369305 0"	"00"
"1369384 0"	"00"
"1369684 0"	"00"
"1370468 0"	"00"
"137061 0"	"00"
"1370670 0"	"00"
"137121 0"	"00"
"137153 0"	"00"
"1371858 0"	"00"
"1372036 0"	"00"
"1372122 0"	"00"
"1372306 0"	"00"
"1372763 0"	"00"
"1372770 0"	"00"
"1372855 0"	"00"
"1372984 0"	"00"
"1373665 0"	"00"
"1373717 0"	"00"
"137471 0"	"00"
"1374823 0"	"00"
"137570 0"	"00"
"1375936 0"	"00"
"1376833 0"	"00"
"137719 0"	"00"
"137728 0"	"00"
"1378270 0"	"00"
"1378478 0"	"00"
"137865 0"	"00"
"1378884 0"	"00"
"1379192 0"	"00"
"1379229 0"	"00"
"1379406 0"	"00"
"1379650 0"	"00"
"1379660 0"	"00"
"137977 0"	"00"
"137985 0"	"00"
"1380168 0"	"00"
"1380699 0"	"00"
"1380818 0"	"00"
"138088 0"	"00"
"1381142 0"	"00"
"1381175 0"	"00"
"1381328 0"	"00"
"1381756 0"	"00"
"1381800 0"	"00"
"1381837 0"	"00"
"1381889 0"	"00"
"1382215 0"	"00"
"1382477 0"	"00"
"1382518 0"	"00"
"1383168 0"	"00"
"1383319 0"	"00"
"1383372 0"	"00"
"1383380 0"	"00"
"1383390 0"	"00"
"1383409 0"	"00"
"1383539 0"	"00"
"1384192 0"	"00"
"1384862 0"	"00"
"1385247 0"	"00"
"1385795 0"	"00"
"1385861 0"	"00"
"1386006 0"	"00"
"1386465 0"	"00"
"1386575 0"	"00"
"1386674 0"	"00"
"1387001 0"	"00"
"1387014 0"	"00"
"1387055 0"	"00"
"1387439 0"	"00"
"1387513 0"	"00"
"1387713 0"	"00"
"1387942 0"	"00"
"1388099 0"	"00"
"1388497 0"	"00"
"1388503 0"	"00"
"1388562 0"	"00"
"1388665 0"	"00"
"1388897 0"	"00"
"1389712 0"	"00"
"1390143 0"	"00"
"1390556 0"	"00"
"1391002 0"	"00"
"1391129 0"	"00"
"1391371 0"	"00"
"1391404 0"	"00"
"1391573 0"	"00"
"1391594 0"	"00"
"1392090 0"	"00"
"1392298 0"	"00"
"1392517 0"	"00"
"1392805 0"	"00"
"1392970 0"	"00"
"1392980 0"	"00"
"139311 0"	"00"
"1393219 0"	"00"
"1393256 0"	"00"
"1393263 0"	"00"
"1393307 0"	"00"
"1393863 0"	"00"
"1394218 0"	"00"
"1394480 0"	"00"
"1394496 0"	"00"
"1394746 0"	"00"
"1395282 0"	"00"
"1395491 0"	"00"
"1395609 0"	"00"
"1395928 0"	"00"
"1395950 0"	"00"
"1396172 0"	"00"
"1396596 0"	"00"
"1396672 0"	"00"
"1396868 0"	"00"
"1396907 0"	"00"
"1396933 0"	"00"
"1397465 0"	"00"
"1398075 0"	"00"
"1398097 0"	"00"
"139818 0"	"00"
"1398428 0"	"00"
"1398811 0"	"00"
"1398926 0"	"00"
"1399005 0"	"00"
"1399090 0"	"00"
"1399323 0"	"00"
"1399598 0"	"00"
"1400035 0"	"00"
"1400093 0"	"00"
"1400227 0"	"00"
"1400228 0"	"00"
"1400417 0"	"00"
"1400608 0"	"00"
"1400734 0"	"00"
"1400784 0"	"00"
"1400940 0"	"00"
"1401032 0"	"00"
"1401205 0"	"00"
"1401404 0"	"00"
"14015 0"	"00"
"1401962 0"	"00"
"1402458 0"	"00"
"1402648 0"	"00"
"1402659 0"	"00"
"1402868 0"	"00"
"1402974 0"	"00"
"1403185 0"	"00"
"1403272 0"	"00"
"1403685 0"	"00"
"1403760 0"	"00"
"140402 0"	"00"
"1404715 0"	"00"
"140474 0"	"00"
"1404913 0"	"00"
"1404953 0"	"00"
"1405022 0"	"00"
"1405240 0"	"00"
"1405278 0"	"00"
"1405309 0"	"00"
"1405312 0"	"00"
"1405365 0"	"00"
"1405381 0"	"00"
"1405499 0"	"00"
"1405559 0"	"00"
"1405636 0"	"00"
"1406117 0"	"00"
"1406308 0"	"00"
"1406405 0"	"00"
"1406469 0"	"00"
"1406574 0"	"00"
"1407134 0"	"00"
"1407187 0"	"00"
"1407697 0"	"00"
"1407991 0"	"00"
"1408054 0"	"00"
"1408212 0"	"00"
"1408463 0"	"00"
"1408975 0"	"00"
"1409050 0"	"00"
"1409149 0"	"00"
"1409225 0"	"00"
"1409236 0"	"00"
"1409517 0"	"00"
"1409555 0"	"00"
"1409731 0"	"00"
"1409827 0"	"00"
"1409836 0"	"00"
"1409888 0"	"00"
"1409922 0"	"00"
"1410342 0"	"00"
"1410620 0"	"00"
"1410756 0"	"00"
"1411083 0"	"00"
"1412031 0"	"00"
"141219 0"	"00"
"1412369 0"	"00"
"1412566 0"	"00"
"1413346 0"	"00"
"1413475 0"	"00"
"1414437 0"	"00"
"1414661 0"	"00"
"1415610 0"	"00"
"1415940 0"	"00"
"1416791 0"	"00"
"1416974 0"	"00"
"1417117 0"	"00"
"1417140 0"	"00"
"1417484 0"	"00"
"1417705 0"	"00"
"1417718 0"	"00"
"1417750 0"	"00"
"1417910 0"	"00"
"1418673 0"	"00"
"1418824 0"	"00"
"1418863 0"	"00"
"1418930 0"	"00"
"1419036 0"	"00"
"1419414 0"	"00"
"1420044 0"	"00"
"142009 0"	"00"
"1420348 0"	"00"
"1420574 0"	"00"
"1421461 0"	"00"
"1422011 0"	"00"
"1422339 0"	"00"
"142243 0"	"00"
"1422807 0"	"00"
"1423070 0"	"00"
"1423128 0"	"00"
"1423254 0"	"00"
"142354 0"	"00"
"142362 0"	"00"
"1423630 0"	"00"
"1424882 0"	"00"
"1425013 0"	"00"
"1425339 0"	"00"
"1425482 0"	"00"
"1425498 0"	"00"
"1425556 0"	"00"
"1425586 0"	"00"
"1426299 0"	"00"
"1426444 10"	"00"
"1426619 0"	"00"
"1426622 0"	"00"
"1426717 0"	"00"
"1426755 0"	"00"
"1426814 0"	"00"
"142683 0"	"00"
"142769 0"	"00"
"1427708 0"	"00"
"1427738 0"	"00"
"1427850 0"	"00"
"1427895 0"	"00"
"142827 0"	"00"
"1428373 0"	"00"
"1428415 0"	"00"
"1428760 0"	"00"
"1429042 0"	"00"
"1429383 0"	"00"
"1429669 0"	"00"
"1429768 0"	"00"
"1430013 0"	"00"
"1430477 0"	"00"
"1430593 0"	"00"
"1430771 0"	"00"
"1430789 0"	"00"
"1431211 0"	"00"
"1431521 0"	"00"
"1431580 0"	"00"
"1431619 0"	"00"
"1431894 0"	"00"
"143208 0"	"00"
"1432119 0"	"00"
"1432164 0"	"00"
"1432242 0"	"00"
"1432374 0"	"00"
"1432626 0"	"00"
"1432646 0"	"00"
"1432835 0"	"00"
"1433001 0"	"00"
"1433018 0"	"00"
"1433098 0"	"00"
"1433138 0"	"00"
"1433162 0"	"00"
"1433169 0"	"00"
"1433388 0"	"00"
"1433496 0"	"00"
"1433557 0"	"00"
"1433606 0"	"00"
"1433658 0"	"00"
"1433710 0"	"00"
"1434774 0"	"00"
"1435447 0"	"00"
"1435454 0"	"00"
"1435675 0"	"00"
"1436026 0"	"00"
"1436039 0"	"00"
"1436983 0"	"00"
"1437108 0"	"00"
"1437190 0"	"00"
"1437246 0"	"00"
"1437389 0"	"00"
"1437487 0"	"00"
"1438006 0"	"00"
"1438288 0"	"00"
"1438705 0"	"00"
"1438879 0"	"00"
"1439016 0"	"00"
"1439451 0"	"00"
"1440008 0"	"00"
"14401 150"	"00"
"1440240 0"	"00"
"1440256 0"	"00"
"1440270 0"	"00"
"1440668 0"	"00"
"1440762 0"	"00"
"1441216 0"	"00"
"144146 0"	"00"
"1441561 0"	"00"
"1442012 0"	"00"
"1442218 0"	"00"
"1442375 0"	"00"
"1442484 0"	"00"
"1442489 0"	"00"
"1442533 0"	"00"
"1443059 0"	"00"
"144340 0"	"00"
"1443567 0"	"00"
"1443696 0"	"00"
"1443793 0"	"00"
"1443905 0"	"00"
"1444165 0"	"00"
"144450 0"	"00"
"1444665 0"	"00"
"1444781 0"	"00"
"1445204 0"	"00"
"1445425 0"	"00"
"1445429 0"	"00"
"1445690 0"	"00"
"1445736 0"	"00"
"1446244 0"	"00"
"1446765 0"	"00"
"1446840 0"	"00"
"1446848 0"	"00"
"144723 0"	"00"
"1447418 0"	"00"
"1447420 0"	"00"
"1447562 0"	"00"
"1447703 0"	"00"
"1447748 0"	"00"
"1447873 0"	"00"
"1448794 0"	"00"
"1448809 0"	"00"
"1449018 0"	"00"
"1449094 0"	"00"
"1449222 0"	"00"
"1449671 0"	"00"
"1449697 0"	"00"
"1449760 0"	"00"
"1450283 0"	"00"
"145047 0"	"00"
"1450886 0"	"00"
"1451000 0"	"00"
"1451149 0"	"00"
"1451161 0"	"00"
"1451165 0"	"00"
"1451371 0"	"00"
"1451416 0"	"00"
"1451652 0"	"00"
"1451737 0"	"00"
"1451790 0"	"00"
"1451899 0"	"00"
"1452095 0"	"00"
"1452143 0"	"00"
"1452405 0"	"00"
"1452428 0"	"00"
"1452650 0"	"00"
"1452779 0"	"00"
"1453754 0"	"00"
"1453840 0"	"00"
"1454138 0"	"00"
"1454531 0"	"00"
"1455511 0"	"00"
"1455599 0"	"00"
"1455892 0"	"00"
"145593 0"	"00"
"1456209 0"	"00"
"1456252 0"	"00"
"1456471 0"	"00"
"1456483 0"	"00"
"1456795 0"	"00"
"1456849 0"	"00"
"1456919 0"	"00"
"1457201 0"	"00"
"1457280 0"	"00"
"1457284 0"	"00"
"1457309 0"	"00"
"1457527 0"	"00"
"1458560 0"	"00"
"1458761 0"	"00"
"145891 0"	"00"
"1458929 0"	"00"
"1458974 0"	"00"
"145899 0"	"00"
"1459057 0"	"00"
"1459220 0"	"00"
"1459234 0"	"00"
"1459239 0"	"00"
"1459462 0"	"00"
"145970 0"	"00"
"1459748 0"	"00"
"1459762 0"	"00"
"1459768 0"	"00"
"1459813 0"	"00"
"1459856 0"	"00"
"1459998 0"	"00"
"1460377 0"	"00"
"1460897 0"	"00"
"1461399 0"	"00"
"1461433 0"	"00"
"146160 0"	"00"
"1461713 0"	"00"
"1461784 0"	"00"
"1461956 0"	"00"
"1462184 0"	"00"
"1462209 0"	"00"
"1462302 0"	"00"
"1462455 0"	"00"
"1462495 0"	"00"
"1462540 0"	"00"
"1462562 0"	"00"
"1462690 0"	"00"
"1463121 0"	"00"
"1463343 0"	"00"
"1463442 0"	"00"
"1463557 0"	"00"
"1464415 0"	"00"
"1464424 0"	"00"
"1464830 0"	"00"
"1464871 0"	"00"
"1464888 0"	"00"
"1464941 0"	"00"
"1465263 0"	"00"
"1465460 0"	"00"
"1465736 0"	"00"
"1465749 0"	"00"
"1465849 0"	"00"
"1465978 0"	"00"
"1466192 0"	"00"
"1466367 0"	"00"
"1466520 0"	"00"
"1466565 0"	"00"
"1466597 0"	"00"
"1466775 0"	"00"
"1467305 0"	"00"
"1467578 0"	"00"
"1467593 0"	"00"
"1467619 0"	"00"
"1467688 0"	"00"
"1467772 0"	"00"
"1468051 0"	"00"
"1468633 0"	"00"
"1468959 0"	"00"
"1469082 0"	"00"
"1469481 0"	"00"
"1469614 0"	"00"
"1469780 0"	"00"
"1470271 0"	"00"
"1470399 0"	"00"
"1470745 0"	"00"
"1470996 0"	"00"
"1471089 0"	"00"
"1471227 0"	"00"
"1471283 0"	"00"
"1471874 0"	"00"
"1472306 0"	"00"
"1472665 0"	"00"
"1472941 0"	"00"
"1473041 0"	"00"
"1473198 0"	"00"
"1473294 0"	"00"
"1473538 0"	"00"
"1474556 0"	"00"
"1474597 0"	"00"
"1474657 0"	"00"
"147482 0"	"00"
"1475056 0"	"00"
"1475310 0"	"00"
"1475826 0"	"00"
"1476113 0"	"00"
"1476156 0"	"00"
"1476404 0"	"00"
"1476460 0"	"00"
"1476975 0"	"00"
"1477501 0"	"00"
"1477823 0"	"00"
"1478232 0"	"00"
"1478608 0"	"00"
"147878 0"	"00"
"1479280 10"	"00"
"1479830 0"	"00"
"1480475 0"	"00"
"1480742 0"	"00"
"1481110 0"	"00"
"1481324 0"	"00"
"1481438 0"	"00"
"1482144 0"	"00"
"1482305 0"	"00"
"1482482 0"	"00"
"1482557 0"	"00"
"1482561 0"	"00"
"1482601 0"	"00"
"1482824 0"	"00"
"1482852 0"	"00"
"1483866 0"	"00"
"1484325 0"	"00"
"1484531 0"	"00"
"1485521 0"	"00"
"1486064 0"	"00"
"1486149 0"	"00"
"1486573 0"	"00"
"1486580 0"	"00"
"1486908 0"	"00"
"1487011 0"	"00"
"1487215 0"	"00"
"1487284 0"	"00"
"1487345 0"	"00"
"1487527 0"	"00"
"1487728 0"	"00"
"1488057 0"	"00"
"1488702 0"	"00"
"1489047 0"	"00"
"1489563 0"	"00"
"1489647 10"	"00"
"149041 0"	"00"
"1490575 0"	"00"
"1490761 0"	"00"
"1491326 0"	"00"
"1491346 0"	"00"
"1491519 0"	"00"
"1491793 0"	"00"
"1492206 0"	"00"
"1492222 0"	"00"
"1492340 0"	"00"
"1492414 0"	"00"
"1492553 0"	"00"
"1492629 0"	"00"
"1493029 0"	"00"
"1493444 0"	"00"
"1493626 10"	"00"
"1494084 0"	"00"
"1494368 0"	"00"
"1494400 0"	"00"
"1494757 0"	"00"
"1494759 0"	"00"
"1494849 0"	"00"
"1494931 0"	"00"
"1495033 0"	"00"
"149507 0"	"00"
"1495310 0"	"00"
"1496229 0"	"00"
"1497032 0"	"00"
"1497124 0"	"00"
"1497416 0"	"00"
"1497699 0"	"00"
"1498916 0"	"00"
"1499385 0"	"00"
"1499735 0"	"00"
"1499882 0"	"00"
"1500087 0"	"00"
"1500194 0"	"00"
"1500225 0"	"00"
"150049 0"	"00"
"1500619 0"	"00"
"1500724 0"	"00"
"1500837 0"	"00"
"1500897 0"	"00"
"150098 0"	"00"
"1501804 0"	"00"
"1502133 0"	"00"
"1502354 0"	"00"
"1502469 0"	"00"
"1503373 0"	"00"
"1504406 0"	"00"
"1504531 0"	"00"
"1504570 0"	"00"
"1504777 0"	"00"
"1505021 0"	"00"
"1505158 0"	"00"
"1505397 0"	"00"
"1505642 0"	"00"
"1505970 0"	"00"
"150625 0"	"00"
"1507066 0"	"00"
"1507391 0"	"00"
"1507663 0"	"00"
"15090 0"	"00"
"1509940 0"	"00"
"1510731 0"	"00"
"1510751 0"	"00"
"1511040 0"	"00"
"1511100 0"	"00"
"1511214 0"	"00"
"1511345 0"	"00"
"1511569 0"	"00"
"1512098 0"	"00"
"1512637 0"	"00"
"1513327 0"	"00"
"151363 0"	"00"
"1513684 30"	"00"
"1514063 0"	"00"
"1514168 0"	"00"
"1514420 0"	"00"
"1514435 30"	"00"
"1514499 0"	"00"
"1514799 0"	"00"
"1515391 0"	"00"
"1515870 0"	"00"
"151621 0"	"00"
"1516488 0"	"00"
"1516765 0"	"00"
"151695 0"	"00"
"1516956 0"	"00"
"1517172 0"	"00"
"1517473 0"	"00"
"151765 0"	"00"
"1518306 0"	"00"
"1518366 0"	"00"
"1518758 0"	"00"
"1518833 0"	"00"
"1518845 0"	"00"
"1520002 0"	"00"
"1520337 0"	"00"
"1520369 0"	"00"
"1521180 0"	"00"
"1521326 0"	"00"
"1521383 0"	"00"
"1521744 0"	"00"
"1521790 0"	"00"
"1521797 0"	"00"
"1522275 0"	"00"
"1522735 0"	"00"
"1522808 0"	"00"
"152316 0"	"00"
"1523182 0"	"00"
"1523217 0"	"00"
"1523414 0"	"00"
"1523910 20"	"00"
"1523997 0"	"00"
"1524226 0"	"00"
"1524850 0"	"00"
"1524918 0"	"00"
"1524934 0"	"00"
"152542 0"	"00"
"1525477 0"	"00"
"1525519 0"	"00"
"1525665 0"	"00"
"152579 0"	"00"
"1525817 0"	"00"
"1526079 0"	"00"
"1526200 0"	"00"
"1526572 0"	"00"
"152677 0"	"00"
"1526856 0"	"00"
"1527176 0"	"00"
"1527204 0"	"00"
"1527243 0"	"00"
"1527599 0"	"00"
"1527982 0"	"00"
"1528085 0"	"00"
"1528248 0"	"00"
"1528482 0"	"00"
"1528581 0"	"00"
"152859 0"	"00"
"1529507 0"	"00"
"1529583 0"	"00"
"1529660 0"	"00"
"152971 0"	"00"
"1530028 0"	"00"
"1530352 0"	"00"
"1530849 0"	"00"
"1530863 0"	"00"
"1531153 0"	"00"
"1531275 0"	"00"
"1531618 0"	"00"
"1531707 0"	"00"
"1532034 0"	"00"
"1532134 0"	"00"
"1532138 0"	"00"
"1532757 0"	"00"
"1532869 0"	"00"
"1532963 0"	"00"
"1533021 0"	"00"
"153319 0"	"00"
"1533621 0"	"00"
"153384 0"	"00"
"1534483 0"	"00"
"1534846 0"	"00"
"1535221 0"	"00"
"1535343 0"	"00"
"1535623 0"	"00"
"1536004 0"	"00"
"1536597 0"	"00"
"1537217 0"	"00"
"1537349 0"	"00"
"1537605 0"	"00"
"1537882 0"	"00"
"1537896 0"	"00"
"1538168 0"	"00"
"1538356 0"	"00"
"1539356 0"	"00"
"1540293 0"	"00"
"154053 0"	"00"
"1540735 0"	"00"
"1540940 20"	"00"
"1540987 0"	"00"
"1541305 0"	"00"
"1541344 0"	"00"
"1541475 0"	"00"
"1541523 0"	"00"
"1541900 0"	"00"
"1541981 0"	"00"
"1542460 0"	"00"
"1542935 0"	"00"
"1543141 0"	"00"
"1543166 0"	"00"
"1543696 0"	"00"
"1543987 0"	"00"
"154407 0"	"00"
"1544159 0"	"00"
"1544679 0"	"00"
"1544714 0"	"00"
"1545350 0"	"00"
"1545457 0"	"00"
"1545991 0"	"00"
"1546254 0"	"00"
"1546495 0"	"00"
"1546679 0"	"00"
"1546693 0"	"00"
"1546860 0"	"00"
"1546907 0"	"00"
"1547213 0"	"00"
"1547245 0"	"00"
"1547709 0"	"00"
"1547859 0"	"00"
"1548164 0"	"00"
"1548253 0"	"00"
"15483 0"	"00"
"1548384 0"	"00"
"1548538 0"	"00"
"1548612 0"	"00"
"1548756 0"	"00"
"1548793 0"	"00"
"154922 0"	"00"
"1549326 0"	"00"
"1549650 0"	"00"
"1549760 0"	"00"
"1549781 0"	"00"
"1550139 0"	"00"
"1550319 0"	"00"
"1550743 0"	"00"
"1551016 0"	"00"
"1551353 0"	"00"
"1552033 0"	"00"
"1552137 0"	"00"
"155215 0"	"00"
"1552188 0"	"00"
"1552298 0"	"00"
"155257 0"	"00"
"1552697 0"	"00"
"1552975 0"	"00"
"1553142 0"	"00"
"1553286 0"	"00"
"1553295 0"	"00"
"1554166 0"	"00"
"155423 0"	"00"
"155425 0"	"00"
"1554829 0"	"00"
"1555353 0"	"00"
"1555803 0"	"00"
"1555894 0"	"00"
"1556099 0"	"00"
"1556444 0"	"00"
"1556786 0"	"00"
"1556796 0"	"00"
"1556825 0"	"00"
"1557047 0"	"00"
"1557154 0"	"00"
"1557195 0"	"00"
"1557266 0"	"00"
"1557300 0"	"00"
"1557405 0"	"00"
"1557511 0"	"00"
"1557529 0"	"00"
"1557703 0"	"00"
"1558555 0"	"00"
"1558738 0"	"00"
"1559960 0"	"00"
"1560461 0"	"00"
"1561089 0"	"00"
"1561392 0"	"00"
"1561479 0"	"00"
"156160 0"	"00"
"1561939 0"	"00"
"1561979 0"	"00"
"1562266 0"	"00"
"1562413 0"	"00"
"1562454 0"	"00"
"1562460 0"	"00"
"1562505 0"	"00"
"1562512 0"	"00"
"1562610 0"	"00"
"1562872 0"	"00"
"1563412 0"	"00"
"1563462 0"	"00"
"1563783 0"	"00"
"1563907 0"	"00"
"1564252 0"	"00"
"1564367 0"	"00"
"1564505 0"	"00"
"1564741 0"	"00"
"1564756 0"	"00"
"1564835 0"	"00"
"1565157 0"	"00"
"1565792 0"	"00"
"1565892 0"	"00"
"1566322 0"	"00"
"1566380 0"	"00"
"1566394 0"	"00"
"156646 0"	"00"
"1566502 0"	"00"
"156675 0"	"00"
"1567530 0"	"00"
"1567547 0"	"00"
"1567659 0"	"00"
"1567737 0"	"00"
"1567904 0"	"00"
"1568424 0"	"00"
"156844 0"	"00"
"1568853 0"	"00"
"1568956 0"	"00"
"1568966 0"	"00"
"1569142 0"	"00"
"1569572 0"	"00"
"156966 0"	"00"
"1569786 0"	"00"
"1570032 0"	"00"
"1570113 0"	"00"
"1570140 0"	"00"
"1570175 0"	"00"
"157033 0"	"00"
"1570730 0"	"00"
"1570920 0"	"00"
"1570933 0"	"00"
"1570937 0"	"00"
"1570974 0"	"00"
"157116 0"	"00"
"1571185 0"	"00"
"1571206 0"	"00"
"1571294 0"	"00"
"1571864 0"	"00"
"1571940 0"	"00"
"1572355 0"	"00"
"1572828 0"	"00"
"157288 0"	"00"
"1573103 0"	"00"
"1573115 0"	"00"
"1573731 0"	"00"
"1573858 0"	"00"
"1573904 0"	"00"
"1573918 0"	"00"
"1573947 0"	"00"
"1574022 0"	"00"
"1574023 0"	"00"
"1574115 0"	"00"
"157430 0"	"00"
"1574321 0"	"00"
"1574902 0"	"00"
"1574915 0"	"00"
"1575368 0"	"00"
"1575408 0"	"00"
"1575423 0"	"00"
"1575605 0"	"00"
"1575614 0"	"00"
"1575701 0"	"00"
"1575758 0"	"00"
"157594 0"	"00"
"1576297 0"	"00"
"1576640 0"	"00"
"1576643 0"	"00"
"1577000 0"	"00"
"1577208 0"	"00"
"1577209 0"	"00"
"1577284 0"	"00"
"1577300 0"	"00"
"1577368 0"	"00"
"1577567 0"	"00"
"1577571 0"	"00"
"1577596 0"	"00"
"1577931 0"	"00"
"1578202 0"	"00"
"1578247 0"	"00"
"1578542 0"	"00"
"1578823 0"	"00"
"1579080 0"	"00"
"1579475 0"	"00"
"1579664 0"	"00"
"1579778 0"	"00"
"1580219 0"	"00"
"1580558 0"	"00"
"1580859 0"	"00"
"1580862 0"	"00"
"1580971 0"	"00"
"1581270 0"	"00"
"1581442 0"	"00"
"1581512 0"	"00"
"1581628 0"	"00"
"1581918 0"	"00"
"1582000 0"	"00"
"1582051 0"	"00"
"1582393 0"	"00"
"1582551 0"	"00"
"1582662 0"	"00"
"1583095 0"	"00"
"158353 0"	"00"
"1583569 0"	"00"
"158360 0"	"00"
"1583857 0"	"00"
"1583913 0"	"00"
"1584320 0"	"00"
"1584621 0"	"00"
"1584640 0"	"00"
"1584778 0"	"00"
"1585126 0"	"00"
"1585225 0"	"00"
"1585413 0"	"00"
"1585452 0"	"00"
"1585553 0"	"00"
"1585741 0"	"00"
"1586414 0"	"00"
"1586796 0"	"00"
"1586811 0"	"00"
"1587117 0"	"00"
"1587461 0"	"00"
"1587643 0"	"00"
"1587828 0"	"00"
"1587894 0"	"00"
"1588592 0"	"00"
"1589248 0"	"00"
"1589390 0"	"00"
"1589641 0"	"00"
"1589912 0"	"00"
"1590218 0"	"00"
"1590353 0"	"00"
"1590443 0"	"00"
"1590662 0"	"00"
"1590726 0"	"00"
"1591509 0"	"00"
"1591980 0"	"00"
"1592063 0"	"00"
"1592178 0"	"00"
"1592412 0"	"00"
"1592590 0"	"00"
"1592593 0"	"00"
"1592627 0"	"00"
"1592822 0"	"00"
"1593083 0"	"00"
"1593131 0"	"00"
"1593511 0"	"00"
"1593661 0"	"00"
"1593737 0"	"00"
"1593795 0"	"00"
"1594001 0"	"00"
"1594296 0"	"00"
"159431 0"	"00"
"1594793 0"	"00"
"1594897 0"	"00"
"1595134 0"	"00"
"1595783 0"	"00"
"1595845 0"	"00"
"1595925 0"	"00"
"1595980 0"	"00"
"159677 0"	"00"
"1596877 0"	"00"
"1596904 0"	"00"
"1597132 0"	"00"
"1597226 0"	"00"
"1597349 0"	"00"
"1597403 0"	"00"
"1597440 0"	"00"
"1597658 0"	"00"
"1597749 0"	"00"
"1597936 0"	"00"
"1598033 0"	"00"
"1598205 0"	"00"
"1598251 0"	"00"
"1598264 0"	"00"
"1598604 0"	"00"
"1598729 0"	"00"
"1598937 0"	"00"
"1599103 0"	"00"
"1599508 0"	"00"
"1599616 0"	"00"
"1599662 0"	"00"
"1599712 0"	"00"
"1600244 0"	"00"
"1600360 0"	"00"
"1601021 0"	"00"
"1601263 0"	"00"
"1601483 0"	"00"
"1601594 0"	"00"
"1601658 0"	"00"
"1601741 0"	"00"
"1601935 0"	"00"
"1602136 0"	"00"
"1602187 0"	"00"
"1602298 0"	"00"
"1602334 0"	"00"
"1602417 0"	"00"
"1602506 0"	"00"
"1602683 0"	"00"
"1602874 0"	"00"
"1603079 0"	"00"
"1603216 0"	"00"
"1603241 0"	"00"
"1603275 0"	"00"
"160335 0"	"00"
"1603479 0"	"00"
"1603684 0"	"00"
"1603768 0"	"00"
"1603769 0"	"00"
"1604026 0"	"00"
"1604152 0"	"00"
"160457 0"	"00"
"1604687 0"	"00"
"1604713 0"	"00"
"1604715 0"	"00"
"160484 0"	"00"
"1605476 0"	"00"
"1606180 0"	"00"
"1606368 0"	"00"
"1606556 0"	"00"
"1606861 0"	"00"
"1606865 0"	"00"
"160730 0"	"00"
"1607349 0"	"00"
"1607455 0"	"00"
"1607469 0"	"00"
"1607811 0"	"00"
"1608057 0"	"00"
"1608088 0"	"00"
"1608090 0"	"00"
"1608346 0"	"00"
"1608903 0"	"00"
"1609086 0"	"00"
"1609657 0"	"00"
"1609730 0"	"00"
"1609747 0"	"00"
"1609928 0"	"00"
"1610149 0"	"00"
"1610191 0"	"00"
"1610653 0"	"00"
"1610686 0"	"00"
"1610853 0"	"00"
"1611983 0"	"00"
"161205 0"	"00"
"1612075 0"	"00"
"1612123 0"	"00"
"1612378 0"	"00"
"1612826 0"	"00"
"1613038 0"	"00"
"1613115 0"	"00"
"1613268 0"	"00"
"1613304 0"	"00"
"1613559 0"	"00"
"1614666 0"	"00"
"1614691 0"	"00"
"161498 0"	"00"
"1615012 0"	"00"
"1615294 0"	"00"
"1615363 0"	"00"
"1615378 0"	"00"
"1615839 0"	"00"
"1616024 0"	"00"
"1616313 0"	"00"
"1616337 0"	"00"
"1616504 0"	"00"
"1617108 0"	"00"
"1617424 0"	"00"
"1617634 0"	"00"
"1618053 0"	"00"
"1618235 0"	"00"
"161877 0"	"00"
"1619065 0"	"00"
"1619088 0"	"00"
"1619668 0"	"00"
"1619787 0"	"00"
"1619975 0"	"00"
"1620202 0"	"00"
"1620431 0"	"00"
"1620506 0"	"00"
"1620560 0"	"00"
"1620742 0"	"00"
"1620743 0"	"00"
"1621140 0"	"00"
"1621424 0"	"00"
"1621535 0"	"00"
"1621592 0"	"00"
"1622037 0"	"00"
"1622188 0"	"00"
"1622525 0"	"00"
"1622810 0"	"00"
"1623045 0"	"00"
"1623388 0"	"00"
"1623801 0"	"00"
"1623894 0"	"00"
"1624036 0"	"00"
"1624053 0"	"00"
"1624092 0"	"00"
"162416 0"	"00"
"1624764 0"	"00"
"1624929 0"	"00"
"1625022 0"	"00"
"1625051 0"	"00"
"1625627 0"	"00"
"162600 0"	"00"
"1626035 0"	"00"
"1626046 0"	"00"
"1626523 0"	"00"
"1626539 0"	"00"
"1626570 0"	"00"
"1626610 0"	"00"
"1626892 0"	"00"
"1627006 0"	"00"
"1627051 0"	"00"
"1627056 0"	"00"
"1627649 0"	"00"
"1628196 0"	"00"
"1628245 0"	"00"
"1628421 0"	"00"
"1628620 0"	"00"
"1628802 0"	"00"
"1629587 0"	"00"
"1630040 0"	"00"
"1630721 0"	"00"
"1631323 0"	"00"
"1631350 0"	"00"
"1631561 0"	"00"
"1631698 0"	"00"
"1631783 0"	"00"
"1632090 0"	"00"
"1632231 0"	"00"
"1632544 0"	"00"
"1632680 0"	"00"
"1632818 0"	"00"
"1632890 0"	"00"
"1633064 0"	"00"
"1633164 0"	"00"
"1633187 0"	"00"
"1633615 0"	"00"
"1633702 0"	"00"
"1634124 0"	"00"
"1634175 0"	"00"
"1634214 0"	"00"
"1634229 0"	"00"
"1634421 0"	"00"
"1634661 0"	"00"
"1634682 0"	"00"
"1634703 0"	"00"
"1635216 0"	"00"
"1636490 0"	"00"
"1636773 0"	"00"
"164140 0"	"00"
"164694 0"	"00"
"164814 0"	"00"
"165089 0"	"00"
"165964 0"	"00"
"166257 0"	"00"
"166571 60"	"00"
"16779 380"	"00"
"16798 880"	"00"
"168384 0"	"00"
"168865 390"	"00"
"169259 30"	"00"
"170013 0"	"00"
"17063 0"	"00"
"171111 0"	"00"
"171225 0"	"00"
"171584 10"	"00"
"171677 0"	"00"
"172281 9270"	"00"
"172491 0"	"00"
"173355 0"	"00"
"173636 0"	"00"
"173979 0"	"00"
"174485 10"	"00"
"17486 0"	"00"
"175127 0"	"00"
"17533 0"	"00"
"175421 10"	"00"
"175673 0"	"00"
"175860 0"	"00"
"177072 0"	"00"
"177213 0"	"00"
"177311 10"	"00"
"177369 0"	"00"
"180035 0"	"00"
"180386 0"	"00"
"180711 0"	"00"
"181281 0"	"00"
"181458 470"	"00"
"181581 0"	"00"
"182694 0"	"00"
"182927 0"	"00"
"183286 0"	"00"
"183423 0"	"00"
"184628 0"	"00"
"184792 0"	"00"
"18593 0"	"00"
"186441 0"	"00"
"186833 0"	"00"
"186855 0"	"00"
"187521 0"	"00"
"187554 0"	"00"
"187691 0"	"00"
"189304 0"	"00"
"189635 0"	"00"
"190794 0"	"00"
"191134 0"	"00"
"191397 0"	"00"
"191638 0"	"00"
"191991 0"	"00"
"192756 0"	"00"
"193325 0"	"00"
"194034 0"	"00"
"194995 0"	"00"
"195010 0"	"00"
"195671 0"	"00"
"196057 0"	"00"
"196395 30"	"00"
"196444 0"	"00"
"196479 0"	"00"
"196540 0"	"00"
"197094 0"	"00"
"197289 0"	"00"
"197298 0"	"00"
"19731 0"	"00"
"198141 0"	"00"
"198944 0"	"00"
"199139 0"	"00"
"199770 0"	"00"
"199773 0"	"00"
"200258 0"	"00"
"205088 0"	"00"
"206591 0"	"00"
"208005 0"	"00"
"208094 0"	"00"
"210193 0"	"00"
"210570 0"	"00"
"211529 40"	"00"
"213375 0"	"00"
"214655 0"	"00"
"215528 0"	"00"
"216519 0"	"00"
"216986 0"	"00"
"217780 10"	"00"
"219361 0"	"00"
"220556 0"	"00"
"221004 10"	"00"
"221711 0"	"00"
"221912 300"	"00"
"222454 0"	"00"
"222503 0"	"00"
"222507 0"	"00"
"222843 0"	"00"
"223044 0"	"00"
"223280 0"	"00"
"224368 0"	"00"
"224525 0"	"00"
"224875 0"	"00"
"225752 30"	"00"
"227345 10"	"00"
"228105 0"	"00"
"228111 0"	"00"
"228200 0"	"00"
"228233 0"	"00"
"22824 0"	"00"
"228249 0"	"00"
"228644 0"	"00"
"228761 0"	"00"
"229070 0"	"00"
"229331 0"	"00"
"229619 0"	"00"
"232938 0"	"00"
"233056 0"	"00"
"23371 0"	"00"
"234458 0"	"00"
"234784 0"	"00"
"235215 0"	"00"
"236174 0"	"00"
"236601 0"	"00"
"236907 0"	"00"
"239969 0"	"00"
"240485 0"	"00"
"240641 0"	"00"
"241327 0"	"00"
"241485 0"	"00"
"241801 0"	"00"
"241986 0"	"00"
"242180 0"	"00"
"242369 20"	"00"
"242637 0"	"00"
"24288 0"	"00"
"243381 0"	"00"
"243511 0"	"00"
"24423 190"	"00"
"245755 0"	"00"
"246324 0"	"00"
"246651 0"	"00"
"247035 40"	"00"
"247202 0"	"00"
"247616 0"	"00"
"247726 0"	"00"
"248179 0"	"00"
"249106 0"	"00"
"249152 0"	"00"
"25033 10"	"00"
"250538 0"	"00"
"251188 0"	"00"
"25150 0"	"00"
"252358 0"	"00"
"253380 0"	"00"
"253440 0"	"00"
"253458 0"	"00"
"253775 0"	"00"
"254116 0"	"00"
"255192 0"	"00"
"255200 0"	"00"
"255213 0"	"00"
"255437 0"	"00"
"25564 0"	"00"
"255658 0"	"00"
"256583 0"	"00"
"256615 0"	"00"
"256838 0"	"00"
"257 210"	"00"
"257122 0"	"00"
"257413 0"	"00"
"25744 0"	"00"
"257549 0"	"00"
"257577 0"	"00"
"257716 0"	"00"
"257960 0"	"00"
"25851 0"	"00"
"25879 0"	"00"
"259238 0"	"00"
"2593 0"	"00"
"259397 0"	"00"
"259497 0"	"00"
"259527 0"	"00"
"25953 0"	"00"
"260187 0"	"00"
"260810 0"	"00"
"261117 0"	"00"
"261147 0"	"00"
"261177 0"	"00"
"261288 0"	"00"
"262049 0"	"00"
"26213 0"	"00"
"262621 0"	"00"
"262773 0"	"00"
"262855 0"	"00"
"262903 0"	"00"
"262993 0"	"00"
"263125 0"	"00"
"264250 0"	"00"
"264664 0"	"00"
"264805 0"	"00"
"265056 0"	"00"
"265294 0"	"00"
"265596 0"	"00"
"266029 0"	"00"
"266121 0"	"00"
"266189 0"	"00"
"266710 0"	"00"
"266816 0"	"00"
"267314 0"	"00"
"267464 0"	"00"
"267640 0"	"00"
"268347 0"	"00"
"268417 0"	"00"
"268711 0"	"00"
"268772 0"	"00"
"268773 0"	"00"
"268787 0"	"00"
"268833 0"	"00"
"269353 0"	"00"
"269565 10"	"00"
"270210 0"	"00"
"270327 0"	"00"
"270480 0"	"00"
"270573 0"	"00"
"271382 0"	"00"
"271595 0"	"00"
"271767 0"	"00"
"272158 0"	"00"
"272536 0"	"00"
"272794 0"	"00"
"273507 0"	"00"
"273898 0"	"00"
"274579 0"	"00"
"274762 0"	"00"
"274975 0"	"00"
"275316 0"	"00"
"276344 0"	"00"
"276629 0"	"00"
"276935 0"	"00"
"276969 0"	"00"
"276990 0"	"00"
"277508 0"	"00"
"277521 0"	"00"
"278113 0"	"00"
"278566 0"	"00"
"278638 0"	"00"
"278663 0"	"00"
"278780 0"	"00"
"279784 0"	"00"
"280108 0"	"00"
"28023 4200"	"00"
"280347 0"	"00"
"280423 0"	"00"
"280960 0"	"00"
"280981 10"	"00"
"280982 0"	"00"
"281169 0"	"00"
"281522 0"	"00"
"281934 0"	"00"
"282185 0"	"00"
"282339 0"	"00"
"282352 0"	"00"
"282496 0"	"00"
"282520 0"	"00"
"282613 0"	"00"
"282813 0"	"00"
"282852 0"	"00"
"283525 0"	"00"
"283811 0"	"00"
"284169 0"	"00"
"284187 0"	"00"
"284237 0"	"00"
"284330 0"	"00"
"284699 0"	"00"
"284701 0"	"00"
"285158 0"	"00"
"285347 0"	"00"
"285606 0"	"00"
"285611 0"	"00"
"286187 0"	"00"
"286382 0"	"00"
"286681 0"	"00"
"286732 0"	"00"
"28694 0"	"00"
"287287 0"	"00"
"287543 0"	"00"
"287857 0"	"00"
"288173 0"	"00"
"288364 0"	"00"
"28860 0"	"00"
"290035 0"	"00"
"290667 0"	"00"
"291147 0"	"00"
"291471 0"	"00"
"291823 0"	"00"
"292147 0"	"00"
"292275 0"	"00"
"292452 0"	"00"
"292482 0"	"00"
"292632 0"	"00"
"293630 0"	"00"
"293799 0"	"00"
"294272 0"	"00"
"294298 0"	"00"
"294348 0"	"00"
"294522 0"	"00"
"294878 0"	"00"
"294972 0"	"00"
"295025 0"	"00"
"296147 0"	"00"
"296234 0"	"00"
"296259 0"	"00"
"296376 0"	"00"
"296463 10"	"00"
"296471 0"	"00"
"297118 0"	"00"
"297145 0"	"00"
"297452 0"	"00"
"297499 0"	"00"
"297524 0"	"00"
"297744 0"	"00"
"297775 0"	"00"
"298271 0"	"00"
"298394 0"	"00"
"298737 0"	"00"
"298739 0"	"00"
"300455 0"	"00"
"300565 0"	"00"
"301179 0"	"00"
"301671 0"	"00"
"301964 0"	"00"
"301999 0"	"00"
"302075 0"	"00"
"302202 0"	"00"
"302338 0"	"00"
"302407 0"	"00"
"302496 0"	"00"
"302904 0"	"00"
"302977 0"	"00"
"303379 0"	"00"
"303582 0"	"00"
"303856 0"	"00"
"30396 10"	"00"
"303987 0"	"00"
"304151 0"	"00"
"305548 0"	"00"
"305984 0"	"00"
"306216 0"	"00"
"306575 0"	"00"
"30659 0"	"00"
"306844 0"	"00"
"307127 0"	"00"
"307219 0"	"00"
"307509 0"	"00"
"308013 0"	"00"
"308052 0"	"00"
"308145 0"	"00"
"308186 0"	"00"
"308717 0"	"00"
"308803 0"	"00"
"309009 0"	"00"
"309017 0"	"00"
"309098 0"	"00"
"309740 0"	"00"
"309796 0"	"00"
"309872 0"	"00"
"310004 0"	"00"
"310086 0"	"00"
"310509 0"	"00"
"310526 0"	"00"
"310619 0"	"00"
"311253 0"	"00"
"312061 0"	"00"
"312304 0"	"00"
"312521 0"	"00"
"312529 0"	"00"
"312692 0"	"00"
"312975 0"	"00"
"313260 0"	"00"
"313957 0"	"00"
"313983 0"	"00"
"314231 0"	"00"
"314492 0"	"00"
"314804 0"	"00"
"315271 0"	"00"
"315721 0"	"00"
"315753 0"	"00"
"315910 0"	"00"
"316687 0"	"00"
"316725 0"	"00"
"316900 0"	"00"
"317078 0"	"00"
"3174 0"	"00"
"317473 0"	"00"
"317658 0"	"00"
"317820 0"	"00"
"317965 0"	"00"
"318817 0"	"00"
"318822 0"	"00"
"318917 0"	"00"
"318952 0"	"00"
"320133 0"	"00"
"320166 0"	"00"
"320486 0"	"00"
"320678 0"	"00"
"320729 10"	"00"
"320748 0"	"00"
"321068 0"	"00"
"321776 0"	"00"
"321924 0"	"00"
"322184 0"	"00"
"322205 0"	"00"
"322442 0"	"00"
"322450 0"	"00"
"323519 0"	"00"
"323993 0"	"00"
"324168 0"	"00"
"324198 0"	"00"
"324473 0"	"00"
"324503 0"	"00"
"324612 0"	"00"
"324784 0"	"00"
"325028 0"	"00"
"325354 0"	"00"
"326519 0"	"00"
"326811 0"	"00"
"327218 0"	"00"
"32793 0"	"00"
"328069 0"	"00"
"328378 0"	"00"
"32933 90"	"00"
"329737 0"	"00"
"330153 0"	"00"
"331217 2430"	"00"
"332545 0"	"00"
"332767 0"	"00"
"332792 0"	"00"
"333006 10"	"00"
"335162 0"	"00"
"3354 150"	"00"
"335920 10"	"00"
"336005 20"	"00"
"33700 0"	"00"
"337140 70"	"00"
"337336 0"	"00"
"337807 0"	"00"
"338125 0"	"00"
"33872 0"	"00"
"339436 0"	"00"
"339749 0"	"00"
"339756 0"	"00"
"339807 0"	"00"
"340377 0"	"00"
"340588 0"	"00"
"340827 0"	"00"
"341159 0"	"00"
"342208 0"	"00"
"342986 0"	"00"
"343328 0"	"00"
"343433 0"	"00"
"343779 0"	"00"
"344411 0"	"00"
"345216 0"	"00"
"346108 0"	"00"
"346402 0"	"00"
"346536 0"	"00"
"346671 0"	"00"
"347166 0"	"00"
"347185 0"	"00"
"347257 0"	"00"
"347472 0"	"00"
"347518 0"	"00"
"348288 0"	"00"
"348565 0"	"00"
"348782 0"	"00"
"349227 0"	"00"
"350035 0"	"00"
"351172 0"	"00"
"351575 0"	"00"
"351678 0"	"00"
"351961 0"	"00"
"352036 0"	"00"
"352076 0"	"00"
"352782 0"	"00"
"352996 0"	"00"
"35318 0"	"00"
"354211 0"	"00"
"35459 0"	"00"
"355655 0"	"00"
"355863 0"	"00"
"35607 0"	"00"
"356355 0"	"00"
"358105 0"	"00"
"358215 0"	"00"
"358289 0"	"00"
"358297 0"	"00"
"358352 0"	"00"
"358758 0"	"00"
"358797 0"	"00"
"359855 0"	"00"
"360171 0"	"00"
"360320 0"	"00"
"360964 0"	"00"
"361194 0"	"00"
"361642 0"	"00"
"362015 0"	"00"
"362182 0"	"00"
"362510 0"	"00"
"363147 0"	"00"
"363168 0"	"00"
"363448 0"	"00"
"365049 0"	"00"
"365480 0"	"00"
"365522 0"	"00"
"365557 0"	"00"
"365653 0"	"00"
"367669 0"	"00"
"368179 0"	"00"
"368287 0"	"00"
"368462 0"	"00"
"368650 0"	"00"
"368824 0"	"00"
"368972 0"	"00"
"369088 20"	"00"
"369108 0"	"00"
"369355 10"	"00"
"369921 0"	"00"
"370169 0"	"00"
"371025 0"	"00"
"371035 0"	"00"
"371068 0"	"00"
"371404 30"	"00"
"372271 0"	"00"
"372812 0"	"00"
"372942 0"	"00"
"373139 0"	"00"
"373244 0"	"00"
"374290 0"	"00"
"375801 0"	"00"
"376495 0"	"00"
"376746 0"	"00"
"376960 120"	"00"
"377351 0"	"00"
"377577 0"	"00"
"378251 20"	"00"
"378390 0"	"00"
"378494 0"	"00"
"378501 0"	"00"
"378845 0"	"00"
"379140 0"	"00"
"37924 40"	"00"
"381275 20"	"00"
"381317 0"	"00"
"381725 0"	"00"
"381806 0"	"00"
"382003 0"	"00"
"382371 10"	"00"
"382816 0"	"00"
"383138 0"	"00"
"384114 0"	"00"
"384320 0"	"00"
"384474 0"	"00"
"384653 0"	"00"
"384713 0"	"00"
"386537 0"	"00"
"386752 0"	"00"
"387113 0"	"00"
"387703 0"	"00"
"38795 0"	"00"
"388298 0"	"00"
"388418 0"	"00"
"388540 0"	"00"
"388970 0"	"00"
"389768 0"	"00"
"389823 0"	"00"
"390062 0"	"00"
"390355 0"	"00"
"391880 0"	"00"
"393747 0"	"00"
"394060 0"	"00"
"394179 0"	"00"
"394232 0"	"00"
"394261 0"	"00"
"394550 0"	"00"
"395399 0"	"00"
"397268 10"	"00"
"397308 0"	"00"
"398204 0"	"00"
"398300 0"	"00"
"398512 0"	"00"
"399059 0"	"00"
"400291 0"	"00"
"400331 0"	"00"
"400720 0"	"00"
"401024 0"	"00"
"401323 0"	"00"
"401743 0"	"00"
"403658 0"	"00"
"404051 0"	"00"
"404672 0"	"00"
"404681 0"	"00"
"404948 0"	"00"
"405175 0"	"00"
"405367 0"	"00"
"406284 0"	"00"
"407023 0"	"00"
"407213 0"	"00"
"407299 0"	"00"
"408320 0"	"00"
"409691 0"	"00"
"409858 0"	"00"
"410167 0"	"00"
"411096 0"	"00"
"411292 0"	"00"
"411400 0"	"00"
"411536 0"	"00"
"411926 0"	"00"
"41216 10"	"00"
"412291 0"	"00"
"412724 0"	"00"
"413394 0"	"00"
"413969 0"	"00"
"4143 270"	"00"
"414444 0"	"00"
"414458 0"	"00"
"414951 0"	"00"
"415213 0"	"00"
"415550 0"	"00"
"416142 30"	"00"
"416361 0"	"00"
"41649 0"	"00"
"417761 0"	"00"
"417955 0"	"00"
"418329 0"	"00"
"418524 0"	"00"
"419044 0"	"00"
"41907 0"	"00"
"419105 0"	"00"
"419621 0"	"00"
"419687 0"	"00"
"419757 0"	"00"
"419996 0"	"00"
"420055 0"	"00"
"420405 0"	"00"
"420447 0"	"00"
"420523 0"	"00"
"420727 0"	"00"
"420843 0"	"00"
"421474 0"	"00"
"422015 0"	"00"
"422844 0"	"00"
"423293 0"	"00"
"423295 0"	"00"
"423510 0"	"00"
"423692 0"	"00"
"423815 0"	"00"
"4240 1790"	"00"
"424079 0"	"00"
"424114 0"	"00"
"424366 0"	"00"
"425290 0"	"00"
"425327 0"	"00"
"425836 0"	"00"
"425845 0"	"00"
"425899 0"	"00"
"425967 0"	"00"
"426062 0"	"00"
"426458 0"	"00"
"426471 0"	"00"
"426990 0"	"00"
"427586 0"	"00"
"427744 0"	"00"
"428036 0"	"00"
"428759 0"	"00"
"428854 0"	"00"
"429122 0"	"00"
"429341 0"	"00"
"429461 0"	"00"
"429814 0"	"00"
"429860 0"	"00"
"430009 0"	"00"
"430053 0"	"00"
"430453 0"	"00"
"430492 0"	"00"
"430860 0"	"00"
"431769 0"	"00"
"431822 0"	"00"
"431922 0"	"00"
"432259 0"	"00"
"432646 0"	"00"
"432923 0"	"00"
"433133 0"	"00"
"433238 0"	"00"
"433280 0"	"00"
"433604 0"	"00"
"433697 0"	"00"
"433791 0"	"00"
"433910 0"	"00"
"434102 0"	"00"
"434473 0"	"00"
"434524 0"	"00"
"434608 0"	"00"
"434792 0"	"00"
"434924 0"	"00"
"435028 0"	"00"
"435423 0"	"00"
"435839 0"	"00"
"436225 0"	"00"
"436334 0"	"00"
"436723 0"	"00"
"436762 0"	"00"
"436875 0"	"00"
"437039 0"	"00"
"437255 0"	"00"
"437438 0"	"00"
"437640 0"	"00"
"437785 0"	"00"
"437798 0"	"00"
"437813 0"	"00"
"438355 0"	"00"
"438493 0"	"00"
"438518 0"	"00"
"438656 0"	"00"
"438744 0"	"00"
"438923 0"	"00"
"438939 0"	"00"
"439107 0"	"00"
"439175 0"	"00"
"439258 0"	"00"
"439734 0"	"00"
"439863 0"	"00"
"440126 0"	"00"
"440149 0"	"00"
"440174 0"	"00"
"440184 0"	"00"
"440325 0"	"00"
"440651 0"	"00"
"44091 0"	"00"
"441232 0"	"00"
"441500 0"	"00"
"441928 0"	"00"
"442050 0"	"00"
"442143 0"	"00"
"442308 0"	"00"
"442578 0"	"00"
"442812 0"	"00"
"442876 0"	"00"
"442922 0"	"00"
"442940 0"	"00"
"443401 0"	"00"
"443474 0"	"00"
"443920 0"	"00"
"444129 0"	"00"
"444990 0"	"00"
"444993 0"	"00"
"445041 0"	"00"
"445045 0"	"00"
"445145 0"	"00"
"445246 0"	"00"
"445276 0"	"00"
"445313 0"	"00"
"445725 0"	"00"
"446304 0"	"00"
"446359 0"	"00"
"446890 0"	"00"
"447248 0"	"00"
"447489 0"	"00"
"447812 0"	"00"
"447819 0"	"00"
"448161 0"	"00"
"448549 0"	"00"
"448754 0"	"00"
"448877 0"	"00"
"448933 0"	"00"
"449491 0"	"00"
"449679 0"	"00"
"450040 0"	"00"
"450441 0"	"00"
"450980 0"	"00"
"451114 0"	"00"
"451336 0"	"00"
"451360 0"	"00"
"451462 0"	"00"
"451482 0"	"00"
"451553 0"	"00"
"451917 0"	"00"
"452122 0"	"00"
"452536 0"	"00"
"452694 0"	"00"
"453120 0"	"00"
"453253 0"	"00"
"453541 0"	"00"
"453671 0"	"00"
"45402 0"	"00"
"454207 0"	"00"
"454500 0"	"00"
"456168 0"	"00"
"456281 0"	"00"
"456549 0"	"00"
"456928 0"	"00"
"456969 0"	"00"
"457032 0"	"00"
"457076 0"	"00"
"457271 0"	"00"
"457505 0"	"00"
"458018 0"	"00"
"458064 0"	"00"
"458642 0"	"00"
"458901 0"	"00"
"458910 0"	"00"
"459186 0"	"00"
"459250 0"	"00"
"459293 0"	"00"
"459339 0"	"00"
"459519 0"	"00"
"459934 0"	"00"
"460067 0"	"00"
"460071 0"	"00"
"460152 0"	"00"
"460713 0"	"00"
"460928 0"	"00"
"461448 0"	"00"
"461460 0"	"00"
"461520 0"	"00"
"461672 0"	"00"
"461795 0"	"00"
"462352 0"	"00"
"462686 0"	"00"
"462752 0"	"00"
"462887 0"	"00"
"463497 0"	"00"
"463663 0"	"00"
"464400 0"	"00"
"464877 0"	"00"
"465176 0"	"00"
"465667 0"	"00"
"465782 0"	"00"
"465911 0"	"00"
"466602 0"	"00"
"466806 0"	"00"
"467313 0"	"00"
"467396 0"	"00"
"467501 0"	"00"
"467737 0"	"00"
"467900 0"	"00"
"468545 0"	"00"
"468656 0"	"00"
"468710 0"	"00"
"468896 0"	"00"
"469374 0"	"00"
"469667 0"	"00"
"4699 10"	"00"
"470151 0"	"00"
"470206 0"	"00"
"470698 0"	"00"
"470974 0"	"00"
"471338 0"	"00"
"471405 0"	"00"
"471543 0"	"00"
"471983 0"	"00"
"472159 0"	"00"
"472225 0"	"00"
"472314 0"	"00"
"472382 0"	"00"
"472417 0"	"00"
"472949 0"	"00"
"473253 0"	"00"
"473789 0"	"00"
"473977 0"	"00"
"473995 0"	"00"
"474272 0"	"00"
"474412 0"	"00"
"474517 0"	"00"
"475055 0"	"00"
"475377 0"	"00"
"475535 0"	"00"
"475639 0"	"00"
"475671 0"	"00"
"475828 0"	"00"
"475978 0"	"00"
"476226 0"	"00"
"476472 0"	"00"
"476590 0"	"00"
"476592 0"	"00"
"477551 0"	"00"
"477668 0"	"00"
"478364 0"	"00"
"478657 0"	"00"
"478738 0"	"00"
"479021 0"	"00"
"479270 0"	"00"
"479554 0"	"00"
"480327 0"	"00"
"480638 0"	"00"
"480885 0"	"00"
"481089 0"	"00"
"481454 0"	"00"
"481533 0"	"00"
"482076 0"	"00"
"482231 0"	"00"
"482445 0"	"00"
"482681 0"	"00"
"482876 0"	"00"
"483361 0"	"00"
"483546 0"	"00"
"483943 0"	"00"
"484418 0"	"00"
"484936 0"	"00"
"484974 0"	"00"
"485600 0"	"00"
"485867 0"	"00"
"486059 0"	"00"
"486513 0"	"00"
"486750 0"	"00"
"486850 0"	"00"
"487047 0"	"00"
"487062 0"	"00"
"487266 0"	"00"
"487639 0"	"00"
"487895 0"	"00"
"488053 0"	"00"
"488303 0"	"00"
"488434 0"	"00"
"488633 0"	"00"
"488758 0"	"00"
"489128 0"	"00"
"489194 0"	"00"
"489512 0"	"00"
"489513 0"	"00"
"489607 0"	"00"
"490432 0"	"00"
"490585 0"	"00"
"490708 0"	"00"
"490770 0"	"00"
"490952 0"	"00"
"491012 0"	"00"
"491278 0"	"00"
"491490 0"	"00"
"491876 0"	"00"
"492111 0"	"00"
"492274 0"	"00"
"492436 0"	"00"
"49274 0"	"00"
"492903 50"	"00"
"493729 30"	"00"
"494649 0"	"00"
"495336 50"	"00"
"495668 0"	"00"
"495782 0"	"00"
"496138 0"	"00"
"496396 0"	"00"
"497150 0"	"00"
"497272 0"	"00"
"500184 0"	"00"
"500231 0"	"00"
"500326 0"	"00"
"500328 0"	"00"
"500743 10"	"00"
"501658 0"	"00"
"502969 0"	"00"
"503065 0"	"00"
"505022 0"	"00"
"505181 10"	"00"
"505647 10"	"00"
"50699 0"	"00"
"507241 0"	"00"
"507349 0"	"00"
"508175 0"	"00"
"508241 0"	"00"
"508931 0"	"00"
"509311 0"	"00"
"509698 0"	"00"
"510404 0"	"00"
"510645 0"	"00"
"511109 0"	"00"
"511917 10"	"00"
"512668 0"	"00"
"512934 0"	"00"
"513012 0"	"00"
"51304 0"	"00"
"513329 0"	"00"
"513439 0"	"00"
"513539 0"	"00"
"51474 0"	"00"
"515297 0"	"00"
"51591 0"	"00"
"516371 0"	"00"
"516533 0"	"00"
"516841 0"	"00"
"517325 0"	"00"
"518392 10"	"00"
"519825 10"	"00"
"519886 0"	"00"
"520068 0"	"00"
"520621 0"	"00"
"520683 0"	"00"
"520726 0"	"00"
"52097 10"	"00"
"521793 20"	"00"
"522017 0"	"00"
"522048 0"	"00"
"522361 0"	"00"
"522802 0"	"00"
"522837 0"	"00"
"522941 0"	"00"
"523869 0"	"00"
"524328 0"	"00"
"525004 0"	"00"
"525736 0"	"00"
"526025 0"	"00"
"526136 0"	"00"
"527392 0"	"00"
"527504 0"	"00"
"527714 0"	"00"
"527984 0"	"00"
"528401 0"	"00"
"529799 0"	"00"
"529874 0"	"00"
"530298 0"	"00"
"530914 0"	"00"
"531098 0"	"00"
"531766 0"	"00"
"531888 0"	"00"
"532234 0"	"00"
"532255 0"	"00"
"532669 0"	"00"
"532939 0"	"00"
"533243 0"	"00"
"533418 0"	"00"
"533519 0"	"00"
"534074 0"	"00"
"534490 0"	"00"
"534701 0"	"00"
"535101 0"	"00"
"536126 0"	"00"
"536623 0"	"00"
"536691 0"	"00"
"536779 0"	"00"
"53686 20"	"00"
"537215 0"	"00"
"537686 0"	"00"
"537882 0"	"00"
"538568 0"	"00"
"539568 0"	"00"
"539718 0"	"00"
"539734 0"	"00"
"540399 0"	"00"
"541255 0"	"00"
"541376 0"	"00"
"541455 0"	"00"
"54174 10"	"00"
"542075 0"	"00"
"543134 0"	"00"
"543225 0"	"00"
"54370 0"	"00"
"543720 0"	"00"
"544032 0"	"00"
"544099 0"	"00"
"544508 0"	"00"
"544548 0"	"00"
"545748 20"	"00"
"545972 20"	"00"
"546456 0"	"00"
"54715 0"	"00"
"547382 0"	"00"
"547824 10"	"00"
"548123 0"	"00"
"548318 0"	"00"
"548881 0"	"00"
"54939 0"	"00"
"54945 0"	"00"
"549627 0"	"00"
"549807 0"	"00"
"551027 0"	"00"
"551257 0"	"00"
"551286 0"	"00"
"551496 0"	"00"
"552101 0"	"00"
"552268 0"	"00"
"552500 0"	"00"
"553325 0"	"00"
"553444 0"	"00"
"554470 0"	"00"
"554681 0"	"00"
"554694 0"	"00"
"556072 0"	"00"
"556090 0"	"00"
"557057 10"	"00"
"557112 0"	"00"
"557287 0"	"00"
"557529 0"	"00"
"557768 0"	"00"
"558848 0"	"00"
"558849 0"	"00"
"559242 0"	"00"
"559350 0"	"00"
"560276 0"	"00"
"560548 0"	"00"
"560664 0"	"00"
"560862 0"	"00"
"561054 0"	"00"
"561077 0"	"00"
"561194 0"	"00"
"561232 0"	"00"
"562224 0"	"00"
"563002 0"	"00"
"563714 0"	"00"
"5639 60"	"00"
"565632 0"	"00"
"566012 0"	"00"
"56621 10"	"00"
"566485 0"	"00"
"566496 0"	"00"
"56662 0"	"00"
"567653 0"	"00"
"568147 0"	"00"
"568239 0"	"00"
"568835 0"	"00"
"569186 0"	"00"
"569540 0"	"00"
"569846 0"	"00"
"570032 0"	"00"
"570532 0"	"00"
"570805 0"	"00"
"570882 0"	"00"
"570885 0"	"00"
"571307 0"	"00"
"571478 0"	"00"
"571706 0"	"00"
"571824 0"	"00"
"571925 0"	"00"
"572116 0"	"00"
"572188 0"	"00"
"572394 0"	"00"
"572895 0"	"00"
"573334 0"	"00"
"573634 0"	"00"
"574317 0"	"00"
"574540 0"	"00"
"575580 0"	"00"
"575897 0"	"00"
"576340 0"	"00"
"576773 0"	"00"
"577011 0"	"00"
"577179 0"	"00"
"577194 0"	"00"
"577576 0"	"00"
"577944 0"	"00"
"578355 0"	"00"
"579840 0"	"00"
"579904 0"	"00"
"580213 0"	"00"
"580702 0"	"00"
"580757 0"	"00"
"581093 0"	"00"
"581566 0"	"00"
"581697 0"	"00"
"581845 0"	"00"
"581861 0"	"00"
"581984 0"	"00"
"582686 0"	"00"
"582693 0"	"00"
"583471 0"	"00"
"583530 0"	"00"
"58356 10"	"00"
"583604 0"	"00"
"58362 0"	"00"
"584428 0"	"00"
"584564 0"	"00"
"584761 0"	"00"
"584892 0"	"00"
"585560 0"	"00"
"585612 0"	"00"
"585637 0"	"00"
"586064 0"	"00"
"586439 0"	"00"
"586446 0"	"00"
"587342 0"	"00"
"587928 0"	"00"
"588658 0"	"00"
"588699 0"	"00"
"588791 0"	"00"
"589076 0"	"00"
"590325 0"	"00"
"590401 0"	"00"
"59060 30"	"00"
"590830 0"	"00"
"5909 0"	"00"
"591321 0"	"00"
"591396 0"	"00"
"591978 0"	"00"
"592028 0"	"00"
"592268 0"	"00"
"592347 0"	"00"
"592500 0"	"00"
"592651 0"	"00"
"592762 0"	"00"
"592781 0"	"00"
"592845 0"	"00"
"592862 0"	"00"
"593038 0"	"00"
"593296 0"	"00"
"593463 0"	"00"
"593542 0"	"00"
"593688 0"	"00"
"593908 0"	"00"
"594147 0"	"00"
"594186 0"	"00"
"594395 0"	"00"
"594419 0"	"00"
"594431 0"	"00"
"594535 0"	"00"
"594679 0"	"00"
"594898 0"	"00"
"595070 0"	"00"
"595354 0"	"00"
"595376 0"	"00"
"595380 0"	"00"
"595713 0"	"00"
"59576 10"	"00"
"595800 0"	"00"
"595853 0"	"00"
"595878 0"	"00"
"595921 0"	"00"
"596372 0"	"00"
"596726 0"	"00"
"596752 0"	"00"
"596799 0"	"00"
"596997 0"	"00"
"597059 0"	"00"
"597177 0"	"00"
"597217 0"	"00"
"597570 0"	"00"
"597746 0"	"00"
"598236 0"	"00"
"598683 0"	"00"
"598695 0"	"00"
"599111 0"	"00"
"599112 0"	"00"
"599184 0"	"00"
"599226 0"	"00"
"59940 0"	"00"
"599903 0"	"00"
"599907 0"	"00"
"599936 0"	"00"
"600429 0"	"00"
"600614 0"	"00"
"600625 0"	"00"
"601057 0"	"00"
"601183 0"	"00"
"601455 0"	"00"
"602069 0"	"00"
"602140 0"	"00"
"602155 0"	"00"
"602201 0"	"00"
"60300 0"	"00"
"603093 0"	"00"
"603369 0"	"00"
"603555 0"	"00"
"603569 0"	"00"
"603949 0"	"00"
"603953 0"	"00"
"604200 0"	"00"
"604284 0"	"00"
"604323 0"	"00"
"604413 0"	"00"
"604747 0"	"00"
"604808 0"	"00"
"604912 0"	"00"
"604986 0"	"00"
"605567 0"	"00"
"605721 0"	"00"
"605738 0"	"00"
"605847 0"	"00"
"605982 0"	"00"
"607166 0"	"00"
"607416 0"	"00"
"607418 0"	"00"
"607540 0"	"00"
"607570 0"	"00"
"607609 0"	"00"
"607664 0"	"00"
"608287 0"	"00"
"608450 0"	"00"
"60852 0"	"00"
"608639 0"	"00"
"609085 0"	"00"
"609187 0"	"00"
"609685 0"	"00"
"609834 0"	"00"
"609859 0"	"00"
"609885 0"	"00"
"609977 0"	"00"
"610472 0"	"00"
"611184 0"	"00"
"61153 0"	"00"
"61185 0"	"00"
"611903 0"	"00"
"612051 0"	"00"
"612290 0"	"00"
"612341 0"	"00"
"612859 0"	"00"
"613167 0"	"00"
"613235 0"	"00"
"613783 0"	"00"
"614035 0"	"00"
"614044 0"	"00"
"614486 0"	"00"
"614786 0"	"00"
"615095 0"	"00"
"615606 0"	"00"
"615670 0"	"00"
"615832 0"	"00"
"616092 0"	"00"
"616635 0"	"00"
"616692 0"	"00"
"616801 0"	"00"
"617114 0"	"00"
"617193 0"	"00"
"617293 0"	"00"
"617365 0"	"00"
"617999 0"	"00"
"618071 0"	"00"
"618290 0"	"00"
"618450 0"	"00"
"618493 0"	"00"
"618632 0"	"00"
"61866 0"	"00"
"618699 0"	"00"
"618931 0"	"00"
"619257 0"	"00"
"619383 0"	"00"
"619543 0"	"00"
"619620 0"	"00"
"619897 0"	"00"
"619932 0"	"00"
"619934 0"	"00"
"620013 0"	"00"
"620316 0"	"00"
"620423 0"	"00"
"620525 0"	"00"
"620917 0"	"00"
"621270 0"	"00"
"621332 0"	"00"
"621351 0"	"00"
"621700 0"	"00"
"621934 0"	"00"
"622022 10"	"00"
"622081 0"	"00"
"622819 0"	"00"
"622924 0"	"00"
"622942 0"	"00"
"623257 0"	"00"
"623431 0"	"00"
"623475 0"	"00"
"623629 0"	"00"
"623700 0"	"00"
"625296 0"	"00"
"625858 0"	"00"
"625870 0"	"00"
"625950 0"	"00"
"626139 0"	"00"
"626448 0"	"00"
"626751 0"	"00"
"627338 0"	"00"
"627529 0"	"00"
"627804 0"	"00"
"627833 0"	"00"
"628032 0"	"00"
"628375 0"	"00"
"62856 0"	"00"
"628569 0"	"00"
"629062 0"	"00"
"629461 0"	"00"
"629824 0"	"00"
"630254 0"	"00"
"630275 0"	"00"
"630712 0"	"00"
"630733 0"	"00"
"631030 0"	"00"
"631527 0"	"00"
"631700 0"	"00"
"631735 0"	"00"
"631873 0"	"00"
"631979 0"	"00"
"632118 0"	"00"
"632439 0"	"00"
"632910 0"	"00"
"633165 0"	"00"
"633174 0"	"00"
"63327 0"	"00"
"633397 0"	"00"
"633399 0"	"00"
"63347 0"	"00"
"633471 0"	"00"
"633687 0"	"00"
"633727 0"	"00"
"633816 0"	"00"
"633875 0"	"00"
"633935 0"	"00"
"634015 0"	"00"
"634590 0"	"00"
"634643 0"	"00"
"634662 0"	"00"
"634895 0"	"00"
"635095 0"	"00"
"635399 0"	"00"
"635550 0"	"00"
"635829 0"	"00"
"636042 0"	"00"
"636387 0"	"00"
"636478 0"	"00"
"636654 0"	"00"
"636692 0"	"00"
"637352 0"	"00"
"637392 0"	"00"
"637711 0"	"00"
"637760 0"	"00"
"637816 0"	"00"
"637991 0"	"00"
"638332 0"	"00"
"63839 0"	"00"
"638707 0"	"00"
"638899 0"	"00"
"639043 0"	"00"
"639565 0"	"00"
"639689 0"	"00"
"639744 0"	"00"
"639817 0"	"00"
"639970 0"	"00"
"640132 0"	"00"
"640362 0"	"00"
"64065 0"	"00"
"641172 0"	"00"
"641302 0"	"00"
"641317 0"	"00"
"641587 0"	"00"
"641703 0"	"00"
"641874 0"	"00"
"641926 0"	"00"
"642409 0"	"00"
"642971 0"	"00"
"643033 0"	"00"
"643648 0"	"00"
"643729 0"	"00"
"644141 0"	"00"
"645453 10"	"00"
"645660 0"	"00"
"646706 0"	"00"
"646761 0"	"00"
"647178 0"	"00"
"648830 0"	"00"
"648921 0"	"00"
"649219 0"	"00"
"649338 0"	"00"
"650111 0"	"00"
"650204 0"	"00"
"650353 0"	"00"
"650457 0"	"00"
"650511 0"	"00"
"650646 0"	"00"
"650789 0"	"00"
"650856 0"	"00"
"651114 0"	"00"
"651517 0"	"00"
"651835 0"	"00"
"651856 0"	"00"
"652123 0"	"00"
"652216 0"	"00"
"652521 0"	"00"
"653218 0"	"00"
"653342 0"	"00"
"653498 0"	"00"
"653727 0"	"00"
"653739 0"	"00"
"654059 0"	"00"
"654464 0"	"00"
"654555 0"	"00"
"654639 0"	"00"
"654797 0"	"00"
"654858 550"	"00"
"654959 0"	"00"
"655372 0"	"00"
"655718 70"	"00"
"65631 0"	"00"
"656511 0"	"00"
"656608 0"	"00"
"657036 0"	"00"
"657403 0"	"00"
"657410 0"	"00"
"65770 0"	"00"
"658071 0"	"00"
"659651 0"	"00"
"659718 0"	"00"
"659831 0"	"00"
"660196 0"	"00"
"660244 0"	"00"
"660777 280"	"00"
"661012 10"	"00"
"661181 0"	"00"
"662144 0"	"00"
"662814 0"	"00"
"663550 0"	"00"
"663629 0"	"00"
"665724 0"	"00"
"666179 0"	"00"
"66622 0"	"00"
"666742 0"	"00"
"666837 0"	"00"
"667062 0"	"00"
"667661 0"	"00"
"668011 10"	"00"
"668061 0"	"00"
"668262 0"	"00"
"668623 10"	"00"
"668839 0"	"00"
"668898 0"	"00"
"669229 0"	"00"
"669298 0"	"00"
"669334 0"	"00"
"669391 0"	"00"
"669912 0"	"00"
"670196 0"	"00"
"670605 10"	"00"
"670787 0"	"00"
"671021 0"	"00"
"671337 0"	"00"
"67187 0"	"00"
"672406 1790"	"00"
"672619 0"	"00"
"672803 0"	"00"
"672933 0"	"00"
"673657 20"	"00"
"673748 0"	"00"
"674381 0"	"00"
"676739 0"	"00"
"676966 0"	"00"
"677319 0"	"00"
"677656 10"	"00"
"677821 0"	"00"
"677913 0"	"00"
"678405 0"	"00"
"678862 0"	"00"
"678890 100"	"00"
"678916 0"	"00"
"680000 0"	"00"
"681177 0"	"00"
"681216 0"	"00"
"68142 0"	"00"
"682239 0"	"00"
"682297 10"	"00"
"682450 0"	"00"
"68255 0"	"00"
"682747 0"	"00"
"683142 0"	"00"
"683422 0"	"00"
"68392 0"	"00"
"684275 0"	"00"
"68432 0"	"00"
"684366 10"	"00"
"685439 0"	"00"
"686741 0"	"00"
"686793 0"	"00"
"687114 0"	"00"
"687844 0"	"00"
"688679 0"	"00"
"688731 20"	"00"
"688779 0"	"00"
"688785 0"	"00"
"689222 0"	"00"
"689622 0"	"00"
"689625 0"	"00"
"689669 0"	"00"
"689833 10"	"00"
"690007 0"	"00"
"690483 0"	"00"
"691424 0"	"00"
"691552 0"	"00"
"691954 0"	"00"
"692982 0"	"00"
"694077 0"	"00"
"694274 0"	"00"
"695230 0"	"00"
"696265 0"	"00"
"696439 0"	"00"
"696922 0"	"00"
"697566 0"	"00"
"698531 0"	"00"
"700430 0"	"00"
"700736 0"	"00"
"700928 40"	"00"
"701081 0"	"00"
"701166 0"	"00"
"701854 0"	"00"
"703080 0"	"00"
"703585 0"	"00"
"703688 0"	"00"
"70422 0"	"00"
"705429 0"	"00"
"706070 0"	"00"
"708279 0"	"00"
"70890 0"	"00"
"708976 0"	"00"
"709124 0"	"00"
"710170 0"	"00"
"710396 0"	"00"
"710842 0"	"00"
"711130 0"	"00"
"712233 0"	"00"
"712448 0"	"00"
"713558 0"	"00"
"713861 0"	"00"
"713978 0"	"00"
"714092 0"	"00"
"714189 0"	"00"
"714582 0"	"00"
"714855 0"	"00"
"715836 0"	"00"
"716004 0"	"00"
"716383 0"	"00"
"71643 0"	"00"
"716495 0"	"00"
"716554 0"	"00"
"716978 0"	"00"
"719253 0"	"00"
"719295 0"	"00"
"721267 0"	"00"
"721842 0"	"00"
"721935 0"	"00"
"722042 0"	"00"
"722372 0"	"00"
"722822 0"	"00"
"723332 0"	"00"
"72348 60"	"00"
"724639 0"	"00"
"724872 0"	"00"
"725041 0"	"00"
"725308 0"	"00"
"725429 0"	"00"
"725438 0"	"00"
"725961 0"	"00"
"726635 0"	"00"
"726658 0"	"00"
"727144 0"	"00"
"727173 0"	"00"
"727904 0"	"00"
"728260 0"	"00"
"728275 10"	"00"
"729163 0"	"00"
"729193 0"	"00"
"729681 0"	"00"
"729898 0"	"00"
"730514 0"	"00"
"730791 0"	"00"
"731752 0"	"00"
"731826 0"	"00"
"733249 0"	"00"
"73343 0"	"00"
"734041 0"	"00"
"734042 0"	"00"
"73408 0"	"00"
"734178 0"	"00"
"734273 0"	"00"
"734562 0"	"00"
"734789 0"	"00"
"734890 0"	"00"
"735220 0"	"00"
"735492 0"	"00"
"735602 0"	"00"
"735661 0"	"00"
"735736 0"	"00"
"736118 0"	"00"
"736150 0"	"00"
"736195 0"	"00"
"736490 0"	"00"
"736541 0"	"00"
"736631 0"	"00"
"737150 0"	"00"
"737260 0"	"00"
"737273 0"	"00"
"737445 0"	"00"
"737869 0"	"00"
"737913 0"	"00"
"738128 0"	"00"
"738317 0"	"00"
"738357 0"	"00"
"738493 0"	"00"
"738937 0"	"00"
"739388 0"	"00"
"739410 0"	"00"
"739460 0"	"00"
"740092 0"	"00"
"740468 0"	"00"
"740481 0"	"00"
"740531 0"	"00"
"740610 0"	"00"
"740663 0"	"00"
"740829 0"	"00"
"740866 0"	"00"
"740945 0"	"00"
"741265 0"	"00"
"741636 0"	"00"
"741669 0"	"00"
"741777 0"	"00"
"742249 0"	"00"
"742362 0"	"00"
"742450 0"	"00"
"742528 0"	"00"
"742892 0"	"00"
"743753 0"	"00"
"744123 0"	"00"
"744836 0"	"00"
"744932 0"	"00"
"745054 0"	"00"
"745591 0"	"00"
"745675 0"	"00"
"746318 0"	"00"
"746466 0"	"00"
"746492 0"	"00"
"746772 0"	"00"
"746921 0"	"00"
"747592 0"	"00"
"748191 0"	"00"
"748195 0"	"00"
"748229 0"	"00"
"748281 0"	"00"
"748306 0"	"00"
"748350 0"	"00"
"748389 0"	"00"
"748424 0"	"00"
"748592 0"	"00"
"74862 10"	"00"
"748815 0"	"00"
"749141 0"	"00"
"749441 0"	"00"
"749472 0"	"00"
"74996 0"	"00"
"749975 0"	"00"
"750554 0"	"00"
"751273 0"	"00"
"751486 0"	"00"
"751571 0"	"00"
"751703 0"	"00"
"751751 0"	"00"
"752404 0"	"00"
"752629 0"	"00"
"752760 0"	"00"
"752828 0"	"00"
"752882 0"	"00"
"753207 0"	"00"
"753317 0"	"00"
"753334 0"	"00"
"753346 0"	"00"
"753432 0"	"00"
"753749 0"	"00"
"754057 0"	"00"
"754263 0"	"00"
"754265 0"	"00"
"754475 0"	"00"
"754521 0"	"00"
"75486 0"	"00"
"75494 10"	"00"
"754967 0"	"00"
"754975 0"	"00"
"755295 0"	"00"
"755350 0"	"00"
"755483 0"	"00"
"755603 0"	"00"
"755777 0"	"00"
"755817 0"	"00"
"755871 0"	"00"
"756358 0"	"00"
"756601 0"	"00"
"756862 0"	"00"
"756991 0"	"00"
"757086 0"	"00"
"757409 0"	"00"
"757465 0"	"00"
"758161 0"	"00"
"758440 0"	"00"
"758539 0"	"00"
"758774 0"	"00"
"758783 0"	"00"
"758861 0"	"00"
"758864 0"	"00"
"758905 0"	"00"
"759184 0"	"00"
"760027 0"	"00"
"760034 0"	"00"
"760577 0"	"00"
"760578 0"	"00"
"761601 0"	"00"
"762341 0"	"00"
"762374 0"	"00"
"762700 0"	"00"
"762839 0"	"00"
"762862 0"	"00"
"763320 0"	"00"
"763382 0"	"00"
"763429 0"	"00"
"763501 0"	"00"
"763616 0"	"00"
"763727 0"	"00"
"763747 0"	"00"
"763915 0"	"00"
"764330 0"	"00"
"764677 0"	"00"
"764805 0"	"00"
"765951 0"	"00"
"76609 0"	"00"
"766126 0"	"00"
"766514 0"	"00"
"766725 0"	"00"
"766808 0"	"00"
"767352 0"	"00"
"767378 0"	"00"
"767664 0"	"00"
"767727 0"	"00"
"768116 0"	"00"
"768158 0"	"00"
"768980 0"	"00"
"769694 0"	"00"
"76973 40"	"00"
"769971 0"	"00"
"769978 0"	"00"
"770121 0"	"00"
"770202 0"	"00"
"770391 0"	"00"
"770581 0"	"00"
"770957 0"	"00"
"770976 0"	"00"
"771341 0"	"00"
"771949 0"	"00"
"772210 0"	"00"
"772224 0"	"00"
"772265 0"	"00"
"772300 0"	"00"
"77244 0"	"00"
"772487 0"	"00"
"772611 0"	"00"
"772648 0"	"00"
"773429 0"	"00"
"773583 0"	"00"
"773763 0"	"00"
"773952 0"	"00"
"773981 0"	"00"
"774359 0"	"00"
"774504 0"	"00"
"774592 0"	"00"
"775363 0"	"00"
"775415 0"	"00"
"775951 0"	"00"
"776018 0"	"00"
"776230 0"	"00"
"776430 0"	"00"
"776508 0"	"00"
"776532 0"	"00"
"777392 0"	"00"
"777446 0"	"00"
"777631 0"	"00"
"777982 0"	"00"
"778103 0"	"00"
"778304 0"	"00"
"778420 0"	"00"
"778465 0"	"00"
"778782 0"	"00"
"779157 0"	"00"
"779455 0"	"00"
"779699 0"	"00"
"780302 0"	"00"
"780548 0"	"00"
"780941 0"	"00"
"781007 0"	"00"
"781539 0"	"00"
"781733 0"	"00"
"781909 0"	"00"
"782271 0"	"00"
"782356 0"	"00"
"782994 0"	"00"
"783070 0"	"00"
"783085 0"	"00"
"783227 0"	"00"
"783473 0"	"00"
"784695 0"	"00"
"7847 0"	"00"
"785066 0"	"00"
"785193 0"	"00"
"785418 0"	"00"
"785778 0"	"00"
"786431 0"	"00"
"786761 0"	"00"
"786927 0"	"00"
"787000 0"	"00"
"787040 0"	"00"
"787312 0"	"00"
"787410 0"	"00"
"787450 0"	"00"
"787487 0"	"00"
"787861 0"	"00"
"787878 0"	"00"
"787917 0"	"00"
"788273 0"	"00"
"788577 0"	"00"
"789895 0"	"00"
"790088 0"	"00"
"790225 0"	"00"
"790351 0"	"00"
"790430 0"	"00"
"790524 0"	"00"
"790539 0"	"00"
"791093 0"	"00"
"791437 0"	"00"
"791440 0"	"00"
"791888 0"	"00"
"791985 0"	"00"
"792104 0"	"00"
"793409 0"	"00"
"793429 0"	"00"
"793821 0"	"00"
"793973 0"	"00"
"794333 0"	"00"
"794712 0"	"00"
"795203 0"	"00"
"795319 0"	"00"
"795747 0"	"00"
"796099 0"	"00"
"796170 0"	"00"
"796328 0"	"00"
"796698 0"	"00"
"797317 0"	"00"
"797584 0"	"00"
"798667 0"	"00"
"798732 0"	"00"
"798905 0"	"00"
"799424 0"	"00"
"799558 0"	"00"
"799898 0"	"00"
"800311 0"	"00"
"800850 0"	"00"
"801855 0"	"00"
"802075 0"	"00"
"802191 0"	"00"
"802382 0"	"00"
"802432 0"	"00"
"802455 0"	"00"
"802459 0"	"00"
"802637 0"	"00"
"802925 0"	"00"
"802941 0"	"00"
"803944 0"	"00"
"804015 0"	"00"
"804342 0"	"00"
"80442 0"	"00"
"804445 0"	"00"
"804506 0"	"00"
"804761 0"	"00"
"804876 0"	"00"
"805049 0"	"00"
"805088 0"	"00"
"805237 0"	"00"
"805525 0"	"00"
"805641 0"	"00"
"805724 0"	"00"
"805733 0"	"00"
"805804 0"	"00"
"805988 0"	"00"
"806263 0"	"00"
"806430 0"	"00"
"806439 0"	"00"
"806543 0"	"00"
"806710 0"	"00"
"806712 0"	"00"
"806942 0"	"00"
"807354 0"	"00"
"807361 0"	"00"
"807431 0"	"00"
"807467 0"	"00"
"807586 0"	"00"
"807593 0"	"00"
"807601 0"	"00"
"807708 0"	"00"
"807948 0"	"00"
"808157 0"	"00"
"808328 0"	"00"
"808646 0"	"00"
"808713 0"	"00"
"809030 0"	"00"
"809121 0"	"00"
"809190 0"	"00"
"809647 0"	"00"
"809810 0"	"00"
"809875 0"	"00"
"810954 0"	"00"
"811493 0"	"00"
"811883 0"	"00"
"812011 0"	"00"
"812358 0"	"00"
"812768 0"	"00"
"812975 0"	"00"
"813349 0"	"00"
"813702 0"	"00"
"813777 0"	"00"
"814142 0"	"00"
"814187 0"	"00"
"814311 0"	"00"
"814468 0"	"00"
"814484 0"	"00"
"814656 0"	"00"
"814694 0"	"00"
"814838 0"	"00"
"815185 0"	"00"
"815273 0"	"00"
"815355 0"	"00"
"815580 0"	"00"
"815692 0"	"00"
"815861 0"	"00"
"816182 0"	"00"
"816231 0"	"00"
"816273 0"	"00"
"816602 0"	"00"
"816667 0"	"00"
"816813 0"	"00"
"817428 0"	"00"
"817444 0"	"00"
"817701 0"	"00"
"817839 0"	"00"
"818186 0"	"00"
"818203 0"	"00"
"818601 0"	"00"
"819231 0"	"00"
"819465 0"	"00"
"820542 0"	"00"
"821780 0"	"00"
"822485 0"	"00"
"82260 0"	"00"
"822627 0"	"00"
"822649 0"	"00"
"822956 0"	"00"
"823498 0"	"00"
"82354 0"	"00"
"823542 0"	"00"
"82358 0"	"00"
"823981 60"	"00"
"824824 0"	"00"
"825134 0"	"00"
"825488 0"	"00"
"825512 0"	"00"
"82581 10"	"00"
"825945 0"	"00"
"826011 10"	"00"
"826206 0"	"00"
"827012 0"	"00"
"827474 0"	"00"
"827554 0"	"00"
"827743 0"	"00"
"828185 0"	"00"
"82866 0"	"00"
"828687 0"	"00"
"828956 0"	"00"
"829332 0"	"00"
"829760 0"	"00"
"829884 0"	"00"
"829935 0"	"00"
"830023 0"	"00"
"830543 0"	"00"
"830824 0"	"00"
"83092 0"	"00"
"830973 170"	"00"
"832076 0"	"00"
"832358 0"	"00"
"832552 0"	"00"
"833240 0"	"00"
"834593 0"	"00"
"834962 0"	"00"
"83561 0"	"00"
"835767 0"	"00"
"835777 0"	"00"
"835820 0"	"00"
"837448 0"	"00"
"837708 0"	"00"
"839526 0"	"00"
"839766 0"	"00"
"839935 0"	"00"
"840516 0"	"00"
"841108 0"	"00"
"841215 0"	"00"
"841642 0"	"00"
"843540 0"	"00"
"844399 0"	"00"
"844603 0"	"00"
"845251 0"	"00"
"845644 0"	"00"
"845932 0"	"00"
"846007 0"	"00"
"846008 0"	"00"
"846100 0"	"00"
"846205 0"	"00"
"846546 0"	"00"
"846678 0"	"00"
"847139 10"	"00"
"847343 0"	"00"
"848213 0"	"00"
"848273 0"	"00"
"848571 10"	"00"
"849309 10"	"00"
"850565 0"	"00"
"851076 0"	"00"
"85115 0"	"00"
"851442 0"	"00"
"85162 0"	"00"
"852006 0"	"00"
"852573 0"	"00"
"85263 0"	"00"
"853432 0"	"00"
"853626 0"	"00"
"853974 10"	"00"
"854303 10"	"00"
"854642 0"	"00"
"854842 0"	"00"
"855186 0"	"00"
"856461 0"	"00"
"856990 0"	"00"
"857350 20"	"00"
"857798 0"	"00"
"85788 0"	"00"
"858394 0"	"00"
"858615 0"	"00"
"858837 0"	"00"
"859490 0"	"00"
"859985 110"	"00"
"860139 0"	"00"
"860377 0"	"00"
"86047 0"	"00"
"860527 0"	"00"
"860610 0"	"00"
"8614 40"	"00"
"86180 20"	"00"
"862139 0"	"00"
"862408 0"	"00"
"862557 0"	"00"
"863019 0"	"00"
"863143 0"	"00"
"863442 0"	"00"
"864822 0"	"00"
"864889 0"	"00"
"865047 0"	"00"
"865445 0"	"00"
"86556 0"	"00"
"865644 0"	"00"
"866003 0"	"00"
"866111 0"	"00"
"866183 0"	"00"
"866295 0"	"00"
"866474 0"	"00"
"866566 0"	"00"
"866865 0"	"00"
"867522 0"	"00"
"867812 0"	"00"
"867988 0"	"00"
"868163 0"	"00"
"868358 0"	"00"
"868724 0"	"00"
"869707 0"	"00"
"869832 0"	"00"
"870159 0"	"00"
"870297 0"	"00"
"870457 0"	"00"
"870704 0"	"00"
"870983 0"	"00"
"871052 0"	"00"
"871820 0"	"00"
"872027 0"	"00"
"872286 0"	"00"
"872616 0"	"00"
"87264 0"	"00"
"873376 0"	"00"
"873580 0"	"00"
"873846 0"	"00"
"874020 0"	"00"
"874106 0"	"00"
"874257 0"	"00"
"875637 0"	"00"
"875638 0"	"00"
"876125 0"	"00"
"876311 0"	"00"
"876605 0"	"00"
"876620 0"	"00"
"876691 80"	"00"
"877262 0"	"00"
"877883 0"	"00"
"878004 0"	"00"
"878366 0"	"00"
"878711 0"	"00"
"878837 10"	"00"
"878996 0"	"00"
"879053 0"	"00"
"879745 0"	"00"
"880333 0"	"00"
"880993 0"	"00"
"881388 0"	"00"
"882271 0"	"00"
"882956 0"	"00"
"882993 0"	"00"
"88349 0"	"00"
"883908 0"	"00"
"883992 0"	"00"
"884488 0"	"00"
"885111 0"	"00"
"885308 0"	"00"
"88602 0"	"00"
"887071 0"	"00"
"887789 0"	"00"
"888083 20"	"00"
"888212 0"	"00"
"888225 0"	"00"
"888243 0"	"00"
"889892 0"	"00"
"890260 0"	"00"
"890291 0"	"00"
"891379 0"	"00"
"891578 0"	"00"
"891918 0"	"00"
"892009 0"	"00"
"892289 0"	"00"
"893304 10"	"00"
"894119 0"	"00"
"894377 0"	"00"
"894399 0"	"00"
"894683 0"	"00"
"894854 0"	"00"
"895376 0"	"00"
"895602 0"	"00"
"896034 0"	"00"
"896419 0"	"00"
"896470 0"	"00"
"896533 0"	"00"
"897098 0"	"00"
"897315 0"	"00"
"897391 0"	"00"
"897571 0"	"00"
"897844 0"	"00"
"897863 0"	"00"
"898017 0"	"00"
"898230 0"	"00"
"898324 0"	"00"
"898542 0"	"00"
"898573 0"	"00"
"898955 0"	"00"
"898977 0"	"00"
"899080 0"	"00"
"89948 10"	"00"
"899657 0"	"00"
"900123 0"	"00"
"900266 0"	"00"
"900515 0"	"00"
"900745 0"	"00"
"900967 0"	"00"
"90118 0"	"00"
"901234 0"	"00"
"901813 0"	"00"
"902150 0"	"00"
"902552 0"	"00"
"902894 0"	"00"
"902912 0"	"00"
"902950 0"	"00"
"903150 0"	"00"
"903367 0"	"00"
"903466 0"	"00"
"903534 0"	"00"
"903625 0"	"00"
"903740 0"	"00"
"904112 0"	"00"
"904499 0"	"00"
"904800 0"	"00"
"905084 0"	"00"
"905177 0"	"00"
"905590 0"	"00"
"906212 0"	"00"
"906481 0"	"00"
"906634 0"	"00"
"906820 0"	"00"
"907177 0"	"00"
"907454 0"	"00"
"907537 0"	"00"
"907827 0"	"00"
"907863 0"	"00"
"908359 0"	"00"
"908390 0"	"00"
"908834 0"	"00"
"909217 0"	"00"
"909314 0"	"00"
"909561 0"	"00"
"909651 0"	"00"
"909963 0"	"00"
"910110 0"	"00"
"910409 0"	"00"
"910467 0"	"00"
"910481 0"	"00"
"910756 0"	"00"
"910879 0"	"00"
"911425 0"	"00"
"911498 0"	"00"
"911586 0"	"00"
"911964 0"	"00"
"912034 0"	"00"
"912037 0"	"00"
"912109 0"	"00"
"912583 0"	"00"
"912877 0"	"00"
"913147 0"	"00"
"913166 0"	"00"
"913222 10"	"00"
"913732 0"	"00"
"913816 0"	"00"
"914090 0"	"00"
"914092 0"	"00"
"914196 0"	"00"
"914282 0"	"00"
"914724 0"	"00"
"914867 0"	"00"
"914970 0"	"00"
"915096 0"	"00"
"915199 0"	"00"
"915290 0"	"00"
"915433 0"	"00"
"915643 0"	"00"
"915775 0"	"00"
"915816 0"	"00"
"915857 0"	"00"
"915929 0"	"00"
"916417 0"	"00"
"916531 0"	"00"
"916554 0"	"00"
"917021 0"	"00"
"917149 0"	"00"
"917785 0"	"00"
"917789 0"	"00"
"918183 0"	"00"
"918236 0"	"00"
"918362 0"	"00"
"918733 0"	"00"
"918756 0"	"00"
"918930 0"	"00"
"919012 0"	"00"
"919156 0"	"00"
"919432 0"	"00"
"919773 0"	"00"
"919996 0"	"00"
"920058 0"	"00"
"920161 0"	"00"
"920443 0"	"00"
"920564 0"	"00"
"920992 0"	"00"
"921090 0"	"00"
"921260 0"	"00"
"921316 0"	"00"
"921781 0"	"00"
"922054 0"	"00"
"922781 0"	"00"
"922992 0"	"00"
"923099 0"	"00"
"923243 0"	"00"
"923316 0"	"00"
"923763 0"	"00"
"923799 0"	"00"
"924165 0"	"00"
"924609 0"	"00"
"924767 0"	"00"
"925867 0"	"00"
"925955 0"	"00"
"925994 0"	"00"
"926206 0"	"00"
"926478 0"	"00"
"926766 0"	"00"
"927364 0"	"00"
"927381 0"	"00"
"927753 0"	"00"
"927849 0"	"00"
"927874 0"	"00"
"927889 0"	"00"
"927960 0"	"00"
"928194 0"	"00"
"928636 0"	"00"
"928932 0"	"00"
"928985 0"	"00"
"929147 0"	"00"
"929362 0"	"00"
"929526 0"	"00"
"929545 0"	"00"
"930131 0"	"00"
"930258 0"	"00"
"930261 0"	"00"
"930324 0"	"00"
"930440 0"	"00"
"930526 0"	"00"
"930806 0"	"00"
"930869 0"	"00"
"930892 0"	"00"
"931108 0"	"00"
"931539 0"	"00"
"931586 0"	"00"
"931834 0"	"00"
"932336 0"	"00"
"932620 0"	"00"
"932924 0"	"00"
"93300 0"	"00"
"933191 0"	"00"
"933410 0"	"00"
"934050 0"	"00"
"934330 0"	"00"
"934529 0"	"00"
"934586 0"	"00"
"934869 0"	"00"
"934984 0"	"00"
"935079 0"	"00"
"935248 0"	"00"
"935459 0"	"00"
"935767 0"	"00"
"936149 0"	"00"
"93617 10"	"00"
"936503 0"	"00"
"936531 0"	"00"
"936543 0"	"00"
"936664 0"	"00"
"936740 0"	"00"
"937585 0"	"00"
"937716 0"	"00"
"938434 0"	"00"
"938878 0"	"00"
"939722 0"	"00"
"939909 0"	"00"
"939983 0"	"00"
"940143 0"	"00"
"940170 0"	"00"
"940589 0"	"00"
"940955 0"	"00"
"941615 0"	"00"
"941823 0"	"00"
"941915 0"	"00"
"941930 0"	"00"
"941975 0"	"00"
"942284 0"	"00"
"942325 10"	"00"
"942371 0"	"00"
"943014 0"	"00"
"943411 0"	"00"
"943515 0"	"00"
"943593 0"	"00"
"943929 0"	"00"
"943942 0"	"00"
"944043 0"	"00"
"944246 0"	"00"
"944567 0"	"00"
"944626 0"	"00"
"944969 0"	"00"
"945388 0"	"00"
"945450 0"	"00"
"945742 0"	"00"
"945841 0"	"00"
"946178 0"	"00"
"946185 0"	"00"
"946545 0"	"00"
"946803 0"	"00"
"947201 0"	"00"
"947866 0"	"00"
"947877 0"	"00"
"948145 0"	"00"
"948252 0"	"00"
"948256 0"	"00"
"948530 0"	"00"
"948909 0"	"00"
"949772 0"	"00"
"949777 0"	"00"
"949787 0"	"00"
"949848 0"	"00"
"950007 0"	"00"
"950171 0"	"00"
"950455 0"	"00"
"950627 0"	"00"
"950728 0"	"00"
"951055 0"	"00"
"951098 0"	"00"
"951148 0"	"00"
"951220 0"	"00"
"951305 0"	"00"
"951470 0"	"00"
"951618 0"	"00"
"952083 0"	"00"
"952215 0"	"00"
"952703 0"	"00"
"952970 0"	"00"
"953080 0"	"00"
"953843 0"	"00"
"953936 0"	"00"
"954193 0"	"00"
"954302 0"	"00"
"954491 0"	"00"
"954623 0"	"00"
"954890 0"	"00"
"955235 0"	"00"
"955977 0"	"00"
"95659 0"	"00"
"956666 0"	"00"
"956688 0"	"00"
"956797 0"	"00"
"957121 0"	"00"
"957219 0"	"00"
"957313 0"	"00"
"957601 0"	"00"
"957931 0"	"00"
"957971 0"	"00"
"958495 0"	"00"
"960029 0"	"00"
"960169 0"	"00"
"96052 0"	"00"
"960614 0"	"00"
"961166 0"	"00"
"961284 0"	"00"
"961749 0"	"00"
"961882 0"	"00"
"962074 0"	"00"
"962212 0"	"00"
"962219 0"	"00"
"962765 0"	"00"
"962913 0"	"00"
"963142 0"	"00"
"963442 0"	"00"
"963582 0"	"00"
"963670 0"	"00"
"963872 0"	"00"
"964057 0"	"00"
"964135 0"	"00"
"964536 0"	"00"
"964788 0"	"00"
"965143 10"	"00"
"965194 0"	"00"
"965383 0"	"00"
"965472 0"	"00"
"965480 0"	"00"
"965868 0"	"00"
"966561 0"	"00"
"966852 0"	"00"
"967116 0"	"00"
"967417 0"	"00"
"967852 0"	"00"
"967959 0"	"00"
"968154 0"	"00"
"968443 0"	"00"
"968492 0"	"00"
"970113 0"	"00"
"970130 0"	"00"
"970974 0"	"00"
"971199 0"	"00"
"972099 0"	"00"
"972314 0"	"00"
"972376 0"	"00"
"972532 0"	"00"
"97267 0"	"00"
"972723 0"	"00"
"973142 0"	"00"
"973337 0"	"00"
"973562 0"	"00"
"973897 0"	"00"
"974364 0"	"00"
"974583 0"	"00"
"974621 0"	"00"
"974645 0"	"00"
"974942 0"	"00"
"974977 0"	"00"
"975293 0"	"00"
"975453 0"	"00"
"975784 0"	"00"
"975920 0"	"00"
"976217 0"	"00"
"976244 0"	"00"
"976367 0"	"00"
"976419 0"	"00"
"976970 0"	"00"
"977019 0"	"00"
"977101 0"	"00"
"977235 0"	"00"
"977258 0"	"00"
"977595 0"	"00"
"977647 0"	"00"
"977726 0"	"00"
"977746 0"	"00"
"978386 0"	"00"
"979201 0"	"00"
"979304 0"	"00"
"979361 0"	"00"
"979377 0"	"00"
"979601 0"	"00"
"980509 0"	"00"
"980764 0"	"00"
"98086 0"	"00"
"981012 0"	"00"
"981273 0"	"00"
"982287 0"	"00"
"982932 0"	"00"
"983766 0"	"00"
"984118 0"	"00"
"984248 0"	"00"
"986227 40"	"00"
"986286 0"	"00"
"986577 0"	"00"
"986776 0"	"00"
"986969 0"	"00"
"987003 0"	"00"
"987388 0"	"00"
"988446 0"	"00"
"988935 0"	"00"
"989126 0"	"00"
"989588 0"	"00"
"989839 0"	"00"
"990903 0"	"00"
"992364 0"	"00"
"992965 0"	"00"
"993365 0"	"00"
"993622 0"	"00"
"993756 0"	"00"
"99409 0"	"00"
"995469 0"	"00"
"995744 10"	"00"
"996204 0"	"00"
"996694 0"	"00"
"996758 0"	"00"
"996896 0"	"00"
"997046 0"	"00"
"997364 0"	"00"
"997413 0"	"00"
"998036 0"	"00"
"998182 0"	"00"
"998318 0"	"00"
"998360 0"	"00"
"998535 0"	"00"
"998605 10"	"00"
"999060 0"	"00"
"999245 0"	"00"
"999306 0"	"00"
"999337 0"	"00"
"999532 0"	"00"
"999969 10"	"00"
